site,seed,model,rmse_h0-2,rmse_h2-5,rmse_h5+,covraw_h0-2,covraw_h2-5,covraw_h5+,covfix_h0-2,covfix_h2-5,covfix_h5+,crpsraw_h0-2,crpsraw_h2-5,crpsraw_h5+,crpsfix_h0-2,crpsfix_h2-5,crpsfix_h5+,pitksraw_h0-2,pitksraw_h2-5,pitksraw_h5+,pitksfix_h0-2,pitksfix_h2-5,pitksfix_h5+,cov50raw_h0-2,cov50raw_h2-5,cov50raw_h5+,cov50fix_h0-2,cov50fix_h2-5,cov50fix_h5+,cov95raw_h0-2,cov95raw_h2-5,cov95raw_h5+,cov95fix_h0-2,cov95fix_h2-5,cov95fix_h5+,sharpraw_h0-2,sharpraw_h2-5,sharpraw_h5+,sharpfix_h0-2,sharpfix_h2-5,sharpfix_h5+
woodwalton,0,WN-SS (ALD),1.1249098259043866,1.8698245700886185,3.0710423763621075,0.87,0.8496605237633366,0.8395061728395061,0.97375,0.9466537342386032,0.91440329218107,0.5680421372680781,1.0043406593716375,1.5541404644744026,0.6985644324350665,1.0576001183275576,1.5643714668108792,0.1325,0.1035693501454898,0.0631275720164609,0.2412499999999999,0.1661493695441319,0.1118518518518518,0.63375,0.5848690591658584,0.5102880658436214,0.85,0.7429679922405431,0.642798353909465,0.89375,0.8758486905916586,0.8707818930041152,0.98375,0.9631425800193988,0.934156378600823,3.791424109299667,6.385426742734548,8.398129598678477,6.744201397798954,8.641303733956686,10.227791061794132
woodwalton,0,WN-SS (Gaussian),1.3988498412203636,2.7075784831083824,4.01189651764874,0.93875,0.9369544131910766,0.9094650205761317,,,,0.8171038840061654,1.517525232339376,2.2041324464831398,,,,0.1887499999999999,0.1613967022308438,0.1438683127572015,,,,0.79375,0.7662463627546072,0.731687242798354,,,,0.96125,0.953443258971872,0.9349794238683128,,,,7.686091362033039,13.657276266413648,17.869696104168398,,,
woodwalton,0,WN-SS (beta-NLL),1.5025996984961645,3.3673202870491967,6.579177742589594,0.81375,0.7419980601357905,0.5818930041152264,,,,0.6911140121397567,1.4712517638285771,3.4061208992571355,,,,0.17625,0.1645586808923375,0.3441975308641975,,,,0.5575,0.492725509214355,0.3292181069958848,,,,0.85125,0.7875848690591658,0.6370370370370371,,,,3.373024755963124,5.802172984032522,7.522069084878873,,,
woodwalton,0,WN-SS (Student-t),1.4595914565691817,3.3074878084117376,4.717709689046696,0.98625,0.9689621726479146,0.9876543209876544,,,,1.1534923712809724,2.357512730784052,3.829071733481708,,,,0.32125,0.3566537342386033,0.3707407407407408,,,,0.8575,0.8409311348205626,0.9218106995884774,,,,0.99375,0.98545101842871,0.9958847736625516,,,,14.385450259232892,27.082816641461225,46.4470681927442,,,
woodwalton,0,WN-SS (mixture),2.9115223778729007,7.3981468971825795,15.334916194103943,0.78,0.7109602327837051,0.582716049382716,,,,1.479029453987443,3.874951446920643,8.524173128396116,,,,0.365,0.4205625606207565,0.4955144032921811,,,,0.47,0.3520853540252182,0.3012345679012346,,,,0.85625,0.7866149369544132,0.6271604938271605,,,,7.581596841786986,13.443115032100048,17.9965006561191,,,
woodwalton,0,WN-SS (+residual),1.1556249970551769,1.9626862313754896,3.3618963214266677,0.535,0.4490785645004849,0.3267489711934156,,,,0.596191923492779,1.1260486153467075,2.0576223584862743,,,,0.3025000000000001,0.3762366634335596,0.516954732510288,,,,0.255,0.2056256062075654,0.1695473251028806,,,,0.595,0.4917555771096023,0.388477366255144,,,,1.0625189818041398,1.865225909341842,2.299094055089793,,,
woodwalton,0,"WN-SS (given-diurnal, st-sp)",1.0683689129650298,1.6423455968886589,1.9728182551421345,0.79125,0.7565470417070805,0.8008230452674897,0.97625,0.9466537342386032,0.9588477366255144,0.559875403840868,0.9480709683949032,1.183762033407819,0.682191417401677,0.98114743714911,1.1838210854455102,0.1387499999999999,0.1176139670223084,0.0944444444444444,0.2274999999999999,0.1750436469447138,0.1729218106995884,0.56625,0.5577109602327837,0.6148148148148148,0.86375,0.7720659553831232,0.7604938271604939,0.82625,0.7798254122211445,0.8238683127572016,0.9875,0.967992240543162,0.9637860082304528,3.679552663842797,6.079676141194948,8.418398045563587,6.860344737652689,8.751408892852606,10.664725749049902
woodwalton,0,"WN-SS (given-diurnal, Wiener)",1.0683689129650298,1.6423455968886589,1.9728182551421345,0.80625,0.7914645974781765,0.7794238683127572,,,,0.5222024199544785,0.8383568133738553,1.0062009357073858,,,,0.14375,0.1050048496605237,0.0858024691358024,,,,0.55375,0.542192046556741,0.5020576131687243,,,,0.83625,0.8254122211445198,0.8263374485596707,,,,2.628208042198326,4.596229245925455,5.450149251093452,,,
woodwalton,0,Neural SDE (Gaussian),1.1423420034548055,1.9318973487382003,2.54020678656572,0.48375,0.4015518913676043,0.3185185185185185,,,,0.5791782060819319,1.059933371914888,1.4628146003162077,,,,0.27375,0.3521532492725509,0.425843621399177,,,,0.29125,0.1988360814742968,0.1555555555555555,,,,0.52875,0.4374393792434529,0.3662551440329218,,,,0.9056301361713556,1.5170373554565515,1.6865546355218677,,,
woodwalton,0,Neural SDE (Student-t),1.1104961751740248,1.780316082025073,2.32404975412943,0.9225,0.9282250242483028,0.9572016460905348,,,,0.63247402094041,1.1282233029709303,1.613557653601554,,,,0.165,0.1970514064015519,0.2478189300411523,,,,0.70625,0.6886517943743938,0.7465020576131687,,,,0.94375,0.9573229873908826,0.9851851851851852,,,,5.527148015923332,10.423601133823864,16.19847612043804,,,
woodwalton,0,Neural SDE (ALD),1.0925262639308486,1.731120360887629,2.343784410382169,0.94125,0.959262851600388,0.9835390946502056,,,,0.642477272171177,1.0970697594660266,1.4882725062321616,,,,0.2012499999999999,0.1925703200775945,0.2052263374485596,,,,0.79125,0.8021338506304558,0.8065843621399177,,,,0.96375,0.97090203685742,0.9909465020576133,,,,6.162391084667295,10.809560569718473,15.08098763634393,,,
woodwalton,0,mean-var (Gaussian),1.229238030193737,2.235576730404252,3.2744782158556487,0.61625,0.6217264791464597,0.551440329218107,,,,0.7728971467760698,1.4432191401496943,1.98396598397696,,,,0.21875,0.2024151309408341,0.2421810699588477,,,,0.43375,0.3443258971871969,0.2781893004115226,,,,0.64375,0.6517943743937924,0.6032921810699589,,,,4.856560561938444,8.912616987216577,8.133505379472755,,,
woodwalton,0,mean-var (Student-t),1.0992799885745508,1.6637329475587448,1.967867372238328,0.805,0.8360814742967992,0.934156378600823,,,,0.6051810430252796,0.9878095333178764,1.1530857405314483,,,,0.1175,0.1420659553831231,0.2339506172839506,,,,0.6375,0.646944713870029,0.7185185185185186,,,,0.83625,0.871968962172648,0.9580246913580248,,,,4.620454101953656,8.124230827857984,10.312472923463687,,,
woodwalton,0,mean-var (ALD),1.105437378803323,1.6856748950293103,2.025729822750556,0.92625,0.9495635305528612,0.9876543209876544,,,,0.8804176182884456,1.4715534694965215,1.6333701037283246,,,,0.1987499999999999,0.2232395732298738,0.2581481481481482,,,,0.7925,0.7963142580019399,0.8016460905349794,,,,0.94125,0.9582929194956352,0.994238683127572,,,,9.68265123075107,16.206443662670278,17.690910674090564,,,
woodwalton,0,Analytical (Gaussian),1.0389930969183754,1.594589285410214,1.9159706515716204,0.99125,0.9932104752667312,0.9975308641975308,,,,0.7746356992653162,1.303829516876395,1.8747656082348985,,,,0.265,0.2815033947623666,0.3280246913580247,,,,0.9075,0.930164888457808,0.9604938271604938,,,,0.99125,0.9961202715809894,0.9983539094650206,,,,8.443811995817349,14.717347720556257,22.714664736618538,,,
woodwalton,0,Analytical (Student-t),1.0389930969183754,1.594589285410214,1.9159706515716204,0.90375,0.924345295829292,0.9572016460905348,,,,0.5140060134810633,0.8283998711949303,1.0597420368554369,,,,0.1575,0.1359456838021338,0.2152674897119341,,,,0.7025,0.7032007759456838,0.7646090534979424,,,,0.92125,0.9427740058195926,0.9662551440329218,,,,3.1621770883845164,5.51159352225574,8.506559780057014,,,
woodwalton,0,MDN (mixture),1.0652624938488393,1.6621488049996536,2.063110271356702,0.94625,0.9660523763336566,0.9753086419753086,,,,0.613327351029709,1.0367837340536945,1.4103250845192254,,,,0.20125,0.2416682832201745,0.3015637860082304,,,,0.77625,0.8147429679922406,0.8436213991769548,,,,0.965,0.9835111542192048,0.9868312757201646,,,,5.650674431452992,9.811566319642498,13.804123340780412,,,
woodwalton,0,Random Forest,1.671629606278996,1.4669931637699418,1.5237248406961277,,,,,,,,,,,,,,,,,,,,,,,,,,,,,,,,,,,,
woodwalton,0,XGBoost,2.5333855152130127,2.1920902729034424,2.106559991836548,,,,,,,,,,,,,,,,,,,,,,,,,,,,,,,,,,,,
rosedene,0,WN-SS (ALD),1.5617461585414492,1.689776329187901,2.452588893350415,0.81375,0.9238476953907816,0.9056603773584906,0.94125,0.9719438877755512,0.9509433962264152,0.706437361585816,0.769690808839274,1.1067791503553734,0.7839690847084984,0.8496747728286482,1.1343496411298812,0.0825,0.1275150300601202,0.1496226415094339,0.17375,0.1867134268537074,0.1864150943396226,0.4575,0.6152304609218436,0.6509433962264151,0.77375,0.8246492985971944,0.7735849056603774,0.855,0.9478957915831664,0.9358490566037736,0.96,0.9809619238476954,0.960377358490566,3.0610532385683613,5.08867673455954,7.435282305758446,5.8741518273297695,7.204089164768974,8.958390121721434
rosedene,0,WN-SS (Gaussian),1.591625410323778,1.768050674306223,2.080117695422124,0.97875,0.9929859719438878,0.9981132075471698,,,,0.9084710389828566,1.2806252257688575,1.6660359292202134,,,,0.1825,0.2618436873747495,0.3164150943396226,,,,0.8275,0.9228456913827656,0.909433962264151,,,,0.985,0.995991983967936,1.0,,,,8.763765709528698,14.345829465635166,18.748636835760102,,,
rosedene,0,WN-SS (beta-NLL),1.5904803189566776,1.736976618888581,2.1510791581198934,0.9075,0.9649298597194388,0.9773584905660376,,,,0.7397885504449115,0.8829969800999892,1.1838035088424732,,,,0.0924999999999999,0.182745490981964,0.2390566037735849,,,,0.655,0.7835671342685371,0.7849056603773585,,,,0.92875,0.9829659318637276,0.9886792452830188,,,,4.807204749427502,7.7645812735978685,10.936423409179133,,,
rosedene,0,WN-SS (Student-t),1.5884037093382055,1.7588794935570593,2.25485107269172,0.82375,0.93687374749499,0.960377358490566,,,,0.7276258542750171,0.8589859120397756,1.182004548920494,,,,0.0675,0.1165731462925852,0.1092452830188679,,,,0.46,0.6422845691382766,0.6830188679245283,,,,0.88,0.9649298597194388,0.9716981132075472,,,,3.8485950317857776,6.96579249163022,10.124638873388957,,,
rosedene,0,WN-SS (mixture),1.5513811263505004,1.5946778944054758,1.9740464448904096,0.855,0.9619238476953909,0.9830188679245284,,,,0.69102017346377,0.7746839940322543,1.0032185660327406,,,,0.05875,0.1236472945891783,0.1749056603773585,,,,0.4975,0.7104208416833667,0.7905660377358491,,,,0.91875,0.9809619238476954,0.9905660377358492,,,,3.727192891332786,6.477392341624124,9.04678488823743,,,
rosedene,0,WN-SS (+residual),1.560996350966967,1.7157586664588012,2.132388748064,0.8525,0.9448897795591182,0.9735849056603774,,,,0.699981620487915,0.791341862644278,1.0228479092685698,,,,0.05625,0.1177154308617234,0.1888679245283019,,,,0.51375,0.7114228456913828,0.809433962264151,,,,0.9025,0.9659318637274548,0.981132075471698,,,,3.796282865025103,6.164420656011325,9.490629283192584,,,
rosedene,0,"WN-SS (given-diurnal, st-sp)",1.549445544759403,1.582468611153506,1.853589362918316,0.9,0.969939879759519,0.9754716981132076,0.95375,0.9789579158316634,0.9849056603773584,0.745895848814221,0.8850219449756176,1.219230451545508,0.8283217788707468,0.956132332743719,1.264544559929363,0.14625,0.2486773547094188,0.2871698113207547,0.21,0.2677354709418837,0.2979245283018867,0.62625,0.7865731462925851,0.8509433962264151,0.7975,0.87374749498998,0.8830188679245283,0.935,0.9809619238476954,0.9905660377358492,0.9675,0.9869739478957916,0.9924528301886792,4.687433938856469,7.869380527235314,12.222099222534528,6.680862110390328,9.226258560062156,13.095412274667956
rosedene,0,"WN-SS (given-diurnal, Wiener)",1.549445544759403,1.582468611153506,1.853589362918316,0.8175,0.9218436873747496,0.9433962264150944,,,,0.7098270029663505,0.760877845651536,0.96251098932658,,,,0.09125,0.1674749498997996,0.1845283018867924,,,,0.4675,0.6352705410821643,0.7075471698113207,,,,0.86375,0.934869739478958,0.9641509433962264,,,,3.196359281792189,5.202578111434866,6.842699670872106,,,
rosedene,0,Neural SDE (Gaussian),1.7459576260165002,2.172186866643683,3.004912609651861,0.88,0.9218436873747496,0.9169811320754716,,,,0.8181000801048772,1.0748877689197305,1.5535245224698206,,,,0.0737500000000001,0.1646492985971943,0.1633962264150943,,,,0.60625,0.7364729458917836,0.7188679245283018,,,,0.91,0.9498997995991983,0.9339622641509434,,,,4.512514346977695,7.544589656393765,10.48813071264692,,,
rosedene,0,Neural SDE (Student-t),1.560113415295027,1.6365824002126503,2.021148989040922,0.85125,0.9599198396793588,0.9433962264150944,,,,0.7601220142734104,0.914298106486604,1.3200324772141392,,,,0.0875,0.1706613226452906,0.2283018867924529,,,,0.57875,0.7865731462925851,0.839622641509434,,,,0.89,0.966933867735471,0.9547169811320756,,,,4.880037496098316,8.840549211748288,13.14183297700196,,,
rosedene,0,Neural SDE (ALD),1.9108850760862712,2.582591142440031,4.389766925236539,0.86375,0.9599198396793588,0.9528301886792452,,,,0.7694882348871154,0.9600925586464408,1.5597648071030328,,,,0.05875,0.1396993987975952,0.2213207547169812,,,,0.55125,0.7374749498997996,0.8150943396226416,,,,0.90375,0.9719438877755512,0.9679245283018868,,,,4.120452771120005,7.051572564495484,10.646549582769566,,,
rosedene,0,mean-var (Gaussian),1.656733615468572,1.9411951093397888,2.7416748032202656,0.92875,0.9769539078156312,0.9547169811320756,,,,0.9787102481531114,1.253770244883015,1.6703854325098513,,,,0.13875,0.2348496993987976,0.2083018867924528,,,,0.7425,0.8226452905811623,0.7660377358490567,,,,0.94625,0.9849699398797596,0.9641509433962264,,,,8.361270727070513,12.445638889487912,14.719642900848442,,,
rosedene,0,mean-var (Student-t),1.665192315261382,1.8141209310869533,2.2199271136002108,0.89,0.968937875751503,0.9735849056603774,,,,0.8553227800407706,1.171276191000718,1.700883584246074,,,,0.1112499999999999,0.2197795591182364,0.2815094339622641,,,,0.6625,0.8637274549098196,0.8754716981132076,,,,0.9225,0.9759519038076152,0.9886792452830188,,,,7.026265560186467,13.52450706449324,20.45352243534517,,,
rosedene,0,mean-var (ALD),1.6201122956097622,1.9514882020653856,2.6787278962308063,0.91875,0.9719438877755512,0.9622641509433962,,,,0.7366322651009702,0.944884359254046,1.3806103574443114,,,,0.0949999999999999,0.2368537074148297,0.2869811320754717,,,,0.63875,0.7875751503006012,0.7943396226415095,,,,0.9425,0.9869739478957916,0.9962264150943396,,,,5.025542015904095,8.252469699665202,11.822193075298982,,,
rosedene,0,Analytical (Gaussian),1.5488687110204975,1.5939227408104228,1.798077956872177,0.95125,0.9899799599198396,1.0,,,,0.8627005824516014,1.155977732913244,1.543928184710936,,,,0.20875,0.2608617234468937,0.310188679245283,,,,0.8125,0.9268537074148296,0.9264150943396228,,,,0.95625,0.9919839679358716,1.0,,,,7.19399816721864,12.492519235115624,17.749255471237984,,,
rosedene,0,Analytical (Student-t),1.5488687110204975,1.5939227408104228,1.798077956872177,0.76625,0.8877755511022044,0.9132075471698112,,,,0.7361320552549018,0.7597116902822634,0.915955846391598,,,,0.0874999999999999,0.1084769539078156,0.1439622641509435,,,,0.4875,0.6523046092184369,0.7415094339622641,,,,0.80625,0.9098196392785572,0.918867924528302,,,,2.385376718447776,4.142253544246908,5.885275410743044,,,
rosedene,0,MDN (mixture),1.747250268440492,1.999681546689166,2.3971836127106987,0.92375,0.9759519038076152,0.9716981132075472,,,,0.7716431543857365,0.9640703868774956,1.3370258469281229,,,,0.1087499999999999,0.1708016032064128,0.1822641509433962,,,,0.61875,0.7955911823647295,0.7924528301886793,,,,0.95125,0.9839679358717436,0.9886792452830188,,,,5.209519687375985,8.815368758729903,12.59997322088283,,,
rosedene,0,Random Forest,1.9791329818754235,1.240934331155762,1.183014583719947,,,,,,,,,,,,,,,,,,,,,,,,,,,,,,,,,,,,
rosedene,0,XGBoost,2.1152679920196533,1.327986478805542,1.2494417428970337,,,,,,,,,,,,,,,,,,,,,,,,,,,,,,,,,,,,
redmere_1,0,WN-SS (ALD),5.726626012274881,8.615176806140106,3.663256435102923,0.83625,0.9493670886075948,0.9881831610044312,0.96,0.9651898734177216,0.9970457902511078,1.3565109312182164,2.2322297749916142,1.7587575585116342,1.3996119112409604,2.2868123005280143,1.800555040421776,0.09625,0.1912236286919831,0.3055834564254062,0.18,0.2159915611814346,0.3047858197932053,0.53125,0.7194092827004219,0.7710487444608567,0.76,0.7837552742616034,0.8064992614475628,0.87875,0.9651898734177216,0.9970457902511078,0.97125,0.9767932489451476,0.998522895125554,5.637827102276962,10.584116379774413,15.044960671850372,7.970293350903316,12.038919283870513,16.018606343350346
redmere_1,0,WN-SS (Gaussian),5.0908170483586535,7.622641995353648,3.76929973235639,0.9325,0.9767932489451476,0.9955686853766618,,,,44.34215165950412,80.83973923305541,14.487870729634906,,,,0.2075,0.2945569620253164,0.3302363367799114,,,,0.73875,0.8459915611814346,0.8478581979320532,,,,0.945,0.9831223628691984,0.9955686853766618,,,,506.86094953312767,941.3860475001792,156.438429085666,,,
redmere_1,0,WN-SS (beta-NLL),7.484960637592341,11.293978770015771,5.995950922258198,0.925,0.9662447257383966,0.9734121122599704,,,,5.1491242473499925,9.151610884791632,3.235493063749708,,,,0.21,0.2728691983122362,0.2912555391432792,,,,0.67875,0.7552742616033755,0.8020679468242246,,,,0.9425,0.9725738396624471,0.9896602658788776,,,,53.961432774262974,98.80816134667096,28.84646612364177,,,
redmere_1,0,WN-SS (Student-t),5.512096740844627,8.18670741102491,3.2623386791457665,0.89625,0.9704641350210972,0.9911373707533236,,,,1.3242470409680802,2.199741185380952,1.6942347109699745,,,,0.1325,0.1891561181434599,0.264327917282127,,,,0.59,0.7805907172995781,0.8212703101920237,,,,0.93375,0.9778481012658228,0.9926144756277696,,,,7.674568261818958,14.67382443744025,19.04808494969652,,,
redmere_1,0,WN-SS (mixture),1.9874657789034167,2.355617161053871,1.7199577625408446,0.9075,0.9683544303797468,0.998522895125554,,,,0.9539247353657272,1.3461685610049463,1.4060080282579626,,,,0.10375,0.2155696202531645,0.2647858197932053,,,,0.57375,0.8386075949367089,0.9276218611521418,,,,0.93125,0.9767932489451476,0.998522895125554,,,,7.933297033343987,13.90344225643792,16.764313643572073,,,
redmere_1,0,WN-SS (+residual),6.421109450848297,9.535605261910971,3.2846057043226624,0.92375,0.9883966244725738,0.9955686853766618,,,,30.463291216257165,56.01552479102006,9.441219470874032,,,,0.14125,0.230210970464135,0.312629246676514,,,,0.61125,0.7732067510548524,0.7843426883308715,,,,0.955,0.9936708860759492,0.998522895125554,,,,544.9216767578282,995.4317912297576,166.58243531007625,,,
redmere_1,0,"WN-SS (given-diurnal, st-sp)",1.6161531600274115,1.8124047905335725,1.425256129355349,0.94375,0.9936708860759492,0.998522895125554,0.945,0.9947257383966244,0.998522895125554,2.840561159371491,4.852071792767675,1.960549170270089,2.8401985459459604,4.85224022210249,1.961282836380645,0.1962499999999999,0.280759493670886,0.3354652880354505,0.1937499999999999,0.2823628691983122,0.3298966026587887,0.695,0.8438818565400844,0.8641063515509602,0.69875,0.8438818565400844,0.8611521418020679,0.97125,0.9989451476793249,1.0,0.97375,0.9978902953586498,1.0,39.96536913533416,69.6952920362805,24.697502825641383,39.98395192168699,69.70915793187086,24.71375062616
redmere_1,0,"WN-SS (given-diurnal, Wiener)",1.6161531600274115,1.8124047905335725,1.425256129355349,0.93375,0.978902953586498,0.9940915805022156,,,,1.138299129014367,1.6674983924550704,1.3699124509849403,,,,0.1637499999999999,0.2666244725738396,0.3254652880354505,,,,0.6675,0.8417721518987342,0.8670605612998523,,,,0.95625,0.9926160337552744,0.998522895125554,,,,12.829779161788524,21.39034396516403,15.894256452763756,,,
redmere_1,0,Neural SDE (Gaussian),4808.821949340548,6533.343840410747,2815.815581326889,0.96,0.9535864978902954,0.9689807976366324,,,,226.6627232155092,438.4139129715146,65.96785029480651,,,,0.28,0.3328691983122362,0.3102363367799113,,,,0.69125,0.7151898734177216,0.7163958641063516,,,,0.9775,0.9841772151898734,0.9881831610044312,,,,1414.5331895517586,2624.9357850126453,419.0785207249202,,,
redmere_1,0,Neural SDE (Student-t),586.8615275247289,797.2275504064222,343.692555533834,0.91625,0.9831223628691984,0.9911373707533236,,,,109.77882453612008,203.3647365174676,33.428837511639465,,,,0.1775,0.2465400843881856,0.2887592319054652,,,,0.635,0.8280590717299579,0.8552437223042836,,,,0.96,0.9926160337552744,0.998522895125554,,,,2128.497550936914,4192.806563927458,612.2567602356891,,,
redmere_1,0,Neural SDE (ALD),223.7210094371077,303.8957084614329,130.99128327214464,0.9125,0.9651898734177216,0.9955686853766618,,,,18.497209333243426,34.40611540964646,6.436810218724578,,,,0.15375,0.2250632911392405,0.2754652880354505,,,,0.63125,0.8016877637130801,0.8892171344165436,,,,0.95,0.9757383966244726,0.9970457902511078,,,,8.219623103371354,13.152772588976797,15.833067984716138,,,
redmere_1,0,mean-var (Gaussian),1009.7858049008446,1371.885681439751,591.2992736400124,0.9275,0.9609704641350212,0.9867060561299852,,,,80.1629080046917,150.7124615056183,24.912837368306697,,,,0.2274999999999999,0.2829113924050633,0.2788774002954209,,,,0.72875,0.8227848101265823,0.8581979320531757,,,,0.9375,0.9672995780590716,0.9940915805022156,,,,22.369234059510745,38.670713467286106,25.75380423337749,,,
redmere_1,0,mean-var (Student-t),8.198163015668685,11.096737216524303,5.10779284107218,0.87375,0.959915611814346,0.9940915805022156,,,,1.4231094705175829,2.266651106752669,1.5203880672007817,,,,0.125,0.1807594936708861,0.2546676514032496,,,,0.54125,0.7109704641350211,0.8522895125553914,,,,0.93,0.9778481012658228,0.9970457902511078,,,,6.119459254734218,11.163135466847828,15.577861584620097,,,
redmere_1,0,mean-var (ALD),66.76089448073834,90.70927819738802,39.165045074907965,0.88875,0.9493670886075948,0.9881831610044312,,,,6.062679870448985,10.990586414152324,2.738074197430328,,,,0.0975,0.1880590717299577,0.2603545051698671,,,,0.56375,0.7573839662447257,0.8286558345642541,,,,0.92,0.9651898734177216,0.9940915805022156,,,,6.218111527433153,10.656320893955671,13.095730833639356,,,
redmere_1,0,Analytical (Gaussian),1.6017505682597095,1.7582367076588847,1.302419152247061,0.97625,0.9873417721518988,1.0,,,,0.9041607132498568,1.2921900132424662,1.6885998132077682,,,,0.2212499999999999,0.2508016877637131,0.3086410635155096,,,,0.82125,0.8997890295358649,0.9793205317577548,,,,0.98,0.9926160337552744,1.0,,,,7.935009230324067,13.704678160620986,21.10082664086292,,,
redmere_1,0,Analytical (Student-t),1.6017505682597095,1.7582367076588847,1.302419152247061,0.74625,0.8575949367088608,0.9719350073855244,,,,0.766976118796033,0.8843582022337783,0.7881430549150333,,,,0.1175,0.1079746835443038,0.1796750369276218,,,,0.40625,0.5886075949367089,0.7607090103397341,,,,0.7975,0.8913502109704642,0.9763663220088626,,,,2.484127940446604,4.290376067191229,6.605808683246803,,,
redmere_1,0,MDN (mixture),6.805038500702339,9.215765172109212,4.365769614518108,0.91875,0.9630801687763711,0.9955686853766618,,,,1.4852314054789744,2.264283263611747,1.5639874266694715,,,,0.1274999999999999,0.1950632911392404,0.2561447562776957,,,,0.64,0.8217299578059072,0.9187592319054652,,,,0.9375,0.9704641350210972,0.9970457902511078,,,,9.55761409997521,14.669995969070616,16.3010478331153,,,
redmere_1,0,Random Forest,1.4518737379825637,1.1885917532625394,0.8978568579405285,,,,,,,,,,,,,,,,,,,,,,,,,,,,,,,,,,,,
redmere_1,0,XGBoost,1.5228641033172607,1.2787023782730105,0.9002425074577332,,,,,,,,,,,,,,,,,,,,,,,,,,,,,,,,,,,,
redmere_2,0,WN-SS (ALD),1.8964894868553124,1.9632041266093796,1.5334257012146528,0.8925,0.9878419452887538,0.9940191387559808,0.9675,0.9959473150962512,0.998803827751196,0.8997124430005597,1.037433292376576,1.0057568249449913,0.9928161548210338,1.1397137881167676,1.094459650884248,0.1237499999999999,0.1926950354609929,0.2914832535885167,0.16625,0.2263931104356636,0.3066985645933014,0.6375,0.7922998986828774,0.8313397129186603,0.79625,0.8632218844984803,0.8911483253588517,0.935,0.9918946301925026,0.9976076555023924,0.9775,0.9979736575481256,0.998803827751196,6.435822419368196,10.258793610085664,10.667539238362933,8.713790023250505,11.826741595735363,12.142042216369836
redmere_2,0,WN-SS (Gaussian),1.8117807674367128,1.7147202050995198,1.6668071769281023,0.90125,0.9858156028368794,0.9952153110047848,,,,0.8985862412269922,1.0600334016489297,1.098007426106728,,,,0.1324999999999999,0.2047619047619048,0.266267942583732,,,,0.7,0.8429584599797366,0.8899521531100478,,,,0.93375,0.994934143870314,0.998803827751196,,,,6.192169930268078,10.443201909345982,11.591568771931543,,,
redmere_2,0,WN-SS (beta-NLL),1.8325987450570067,1.811491376773228,1.9022809092817552,0.85875,0.9564336372847012,0.9748803827751196,,,,0.8919396992494535,1.0470090439998498,1.140037943650474,,,,0.1262499999999999,0.1851165146909827,0.1990909090909091,,,,0.625,0.7588652482269503,0.8157894736842105,,,,0.8925,0.9756838905775076,0.985645933014354,,,,5.269708098261617,9.060975628018213,10.721450201242174,,,
redmere_2,0,WN-SS (Student-t),1.9830328214885704,2.127899823976861,2.099190127733996,0.92,0.9908814589665652,0.998803827751196,,,,0.928850438021525,1.169181947921876,1.2497683009656568,,,,0.1312499999999999,0.2291691995947314,0.2614832535885167,,,,0.64875,0.8297872340425532,0.9055023923444976,,,,0.95375,0.9969604863221884,0.998803827751196,,,,7.30167852256447,13.05796582867196,15.036196289004748,,,
redmere_2,0,WN-SS (mixture),1.847891367434785,1.88661912000186,1.8667474289679544,0.8925,0.977710233029382,0.9952153110047848,,,,0.9135020575322856,1.0999142619093665,1.1159091764060178,,,,0.14125,0.2236170212765956,0.2350717703349282,,,,0.6475,0.8145896656534954,0.8720095693779905,,,,0.925,0.9858156028368794,0.9976076555023924,,,,6.601662896794733,10.95306376711727,11.86887441400492,,,
redmere_2,0,WN-SS (+residual),1.872232345052307,1.7920786403934732,1.6586696755204824,0.89125,0.9756838905775076,0.992822966507177,,,,0.8881692594651875,1.0370788996183664,1.0929975810098396,,,,0.1299999999999999,0.1942350557244174,0.2552631578947368,,,,0.61625,0.7710233029381965,0.7978468899521531,,,,0.92375,0.9898682877406282,0.9952153110047848,,,,5.834551463051466,9.695146593617949,10.718270925523347,,,
redmere_2,0,"WN-SS (given-diurnal, st-sp)",1.8162580126337384,1.7512823442385812,1.6597708001313023,0.875,0.9665653495440728,0.9880382775119616,0.9475,0.9858156028368794,0.9976076555023924,0.868747539328364,0.9950419933228032,1.0200039114648751,0.948720066783112,1.0818579855083317,1.0969469281021154,0.11875,0.2016818642350557,0.3074641148325359,0.17875,0.229564336372847,0.3166028708133971,0.625,0.7831813576494427,0.8074162679425837,0.77,0.8490374873353597,0.8600478468899522,0.90875,0.9797365754812564,0.9976076555023924,0.9725,0.9898682877406282,0.998803827751196,5.625010401834268,9.31667434716769,10.120798537876617,7.838518455996177,10.797272087488672,11.419622411377476
redmere_2,0,"WN-SS (given-diurnal, Wiener)",1.8162580126337384,1.7512823442385812,1.6597708001313023,0.93875,0.9959473150962512,0.9976076555023924,,,,0.8994586753361026,1.109407953486922,1.145700903006386,,,,0.15625,0.2134853090172239,0.301578947368421,,,,0.69125,0.8622087132725431,0.9114832535885168,,,,0.97125,0.9979736575481256,0.998803827751196,,,,7.618620984341483,12.179724887266694,12.754247014652313,,,
redmere_2,0,Neural SDE (Gaussian),1.9081822119402256,2.043858120978848,2.5647725520359743,0.92875,0.9878419452887538,0.9952153110047848,,,,0.9686387008349656,1.2814564071235304,1.6179319053373458,,,,0.17,0.239564336372847,0.3406220095693779,,,,0.71125,0.8226950354609929,0.7727272727272727,,,,0.945,0.9929078014184396,1.0,,,,7.353733038774691,12.555744387460033,15.386719208110888,,,
redmere_2,0,Neural SDE (Student-t),1.8290206546536616,1.9657977862956373,2.0267976462992165,0.91375,0.9858156028368794,0.9832535885167464,,,,0.8999793742600326,1.1825628341300576,1.3013560126405987,,,,0.13375,0.2252482269503546,0.3197607655502392,,,,0.64,0.8044579533941236,0.8373205741626795,,,,0.94875,0.9929078014184396,0.9940191387559808,,,,7.799509927214821,13.846457712470787,14.880493060460214,,,
redmere_2,0,Neural SDE (ALD),2.008321580272401,2.3519783813194404,2.0899287838297598,0.91125,0.972644376899696,0.998803827751196,,,,0.9529239719061492,1.2348910790711545,1.2913383678396406,,,,0.1124999999999999,0.193353596757852,0.3159330143540669,,,,0.655,0.7912867274569402,0.7990430622009569,,,,0.94125,0.9878419452887538,1.0,,,,6.989525168834254,11.555157283100977,12.498130950490324,,,
redmere_2,0,mean-var (Gaussian),1.8648241473480376,1.7896141227676832,1.82978628625922,0.90875,0.9787234042553192,0.9976076555023924,,,,0.9887487888693528,1.226216459444824,1.2655484837810602,,,,0.1299999999999999,0.1986828774062816,0.2013875598086124,,,,0.705,0.8470111448834853,0.8648325358851675,,,,0.93625,0.9898682877406282,0.998803827751196,,,,7.671809123628423,12.34862311959508,13.212745554328109,,,
redmere_2,0,mean-var (Student-t),1.791340189750538,1.713589913071067,1.5383725961036865,0.92375,0.9959473150962512,1.0,,,,0.8981124823237063,1.1733239390845538,1.2630924910917831,,,,0.13125,0.2248936170212765,0.2985645933014353,,,,0.6825,0.8713272543059777,0.9222488038277512,,,,0.965,1.0,1.0,,,,8.291712082278448,14.856240089405269,16.868255888342713,,,
redmere_2,0,mean-var (ALD),1.8442923819571573,1.8714447434922932,1.9429994463190288,0.91875,0.983789260385005,0.9976076555023924,,,,0.914924776310698,1.1618886998992373,1.3591576555390532,,,,0.1475,0.2376697061803445,0.3455023923444976,,,,0.67,0.8125633232016211,0.8014354066985646,,,,0.9525,0.9888551165146908,1.0,,,,6.996348637485876,11.658927889537017,13.442814634480117,,,
redmere_2,0,Analytical (Gaussian),1.8203475364693564,1.7544183623394058,1.714596309600593,0.9325,0.9898682877406282,0.9940191387559808,,,,0.9906610465482686,1.2987405923366646,1.7244610566031573,,,,0.1925,0.269564336372847,0.3070334928229665,,,,0.79625,0.8915906788247214,0.958133971291866,,,,0.95,0.9918946301925026,0.9964114832535884,,,,7.789678620931692,13.68056657578279,20.62519732894081,,,
redmere_2,0,Analytical (Student-t),1.8203475364693564,1.7544183623394058,1.714596309600593,0.73125,0.8591691995947315,0.9473684210526316,,,,0.8605246945041063,0.8803599067700417,0.88562736336116,,,,0.09125,0.1019047619047618,0.1800478468899521,,,,0.52375,0.6332320162107397,0.7751196172248804,,,,0.78875,0.8834853090172239,0.9569377990430622,,,,2.498651002399624,4.388237733691704,6.615827511331181,,,
redmere_2,0,MDN (mixture),1.9124367664249091,2.115733281649278,2.149782007139504,0.86,0.9645390070921984,0.9784688995215312,,,,0.9181245881819836,1.086863727901127,1.1437510911571216,,,,0.1075,0.1944174265450861,0.2124401913875597,,,,0.595,0.6980749746707193,0.7607655502392344,,,,0.895,0.9817629179331308,0.9844497607655502,,,,5.690964361265185,9.12593094160612,9.851548318916922,,,
redmere_2,0,Random Forest,1.6695871671431095,1.4762972341463076,1.2307130040852865,,,,,,,,,,,,,,,,,,,,,,,,,,,,,,,,,,,,
redmere_2,0,XGBoost,1.8483830690383911,1.589627981185913,1.3411294221878052,,,,,,,,,,,,,,,,,,,,,,,,,,,,,,,,,,,,
great_fen,0,WN-SS (ALD),1.9359461447280115,2.6545623606805453,2.6914183769713773,0.93,0.9802371541501976,0.9980487804878048,0.97375,0.9930830039525692,0.9980487804878048,1.1126879252079465,1.615901271550571,2.013180340142465,1.1687407125918463,1.6596432825752376,2.0416636628120046,0.14125,0.2221739130434782,0.3395121951219512,0.19875,0.245494071146245,0.3373170731707317,0.67375,0.7934782608695652,0.8751219512195122,0.79,0.8409090909090909,0.8995121951219512,0.9475,0.9930830039525692,0.9990243902439024,0.9825,0.9960474308300395,1.0,9.838954300059935,16.049494557240205,20.880226567995983,11.385790310082957,16.987941764596766,21.526855293454197
great_fen,0,WN-SS (Gaussian),1.7454980971484302,2.0833421622130848,2.454495488326645,0.9075,0.984189723320158,0.9990243902439024,,,,1.077497105406147,1.4702411459629323,1.946742591731084,,,,0.1387499999999999,0.2078260869565217,0.2909756097560975,,,,0.69625,0.8330039525691699,0.902439024390244,,,,0.92625,0.9920948616600792,1.0,,,,8.553584476049057,14.816631237907782,22.249999858522923,,,
great_fen,0,WN-SS (beta-NLL),2.223329644663504,3.7103045265393937,5.327793673910121,0.96125,0.991106719367589,0.9931707317073172,,,,1.2776126423451353,2.0152990082383506,2.839989358305869,,,,0.23,0.3105533596837945,0.4119512195121951,,,,0.71875,0.7361660079051383,0.6995121951219512,,,,0.9775,0.9970355731225296,0.9990243902439024,,,,11.146281199221498,18.044623920256303,24.485149015767544,,,
great_fen,0,WN-SS (Student-t),2.29593285670227,3.6304582241473744,3.877754573062989,0.5175,0.6205533596837944,0.8448780487804878,,,,1.3337802405064332,1.8852780909578264,2.0475907623267533,,,,0.24875,0.2137154150197627,0.1724390243902439,,,,0.32,0.4031620553359684,0.6780487804878049,,,,0.5625,0.6788537549407114,0.8760975609756098,,,,4.911744957023765,8.93405441861515,16.95046973350862,,,
great_fen,0,WN-SS (mixture),1.6954417488946307,1.7910517247365465,1.7293954937571874,0.9025,0.9881422924901184,1.0,,,,1.0031289427309726,1.3356275197922332,1.878842989470008,,,,0.06375,0.1804347826086956,0.285609756097561,,,,0.57375,0.8221343873517787,0.9717073170731708,,,,0.93875,0.9950592885375494,1.0,,,,8.863664619566405,15.647031297272884,24.08373213551248,,,
great_fen,0,WN-SS (+residual),2.4590046562799786,4.061606938635441,5.901945824126492,0.975,0.984189723320158,0.986341463414634,,,,1.3117491401956882,2.204301669220024,3.3367392510404703,,,,0.2024999999999999,0.2749011857707509,0.3592682926829268,,,,0.74375,0.8280632411067194,0.8282926829268292,,,,0.995,0.9930830039525692,0.991219512195122,,,,12.057262608663644,20.54627018184235,29.42670732951164,,,
great_fen,0,"WN-SS (given-diurnal, st-sp)",1.7031950803664475,1.7924259179355773,1.7050360898521302,0.83375,0.9407114624505928,0.9853658536585366,0.9475,0.9812252964426876,0.9941463414634146,1.0070700864452018,1.2701609386354829,1.567393476294897,1.027527429935811,1.3046891800268583,1.6049715853575328,0.11125,0.2249802371541502,0.306829268292683,0.1875,0.2453754940711462,0.3151219512195122,0.5375,0.7183794466403162,0.8507317073170731,0.72375,0.8003952569169961,0.8936585365853659,0.8725,0.9644268774703556,0.991219512195122,0.96375,0.9881422924901184,0.9970731707317072,6.946213706814217,11.90479159232656,16.893918102584962,8.703695563446729,12.986744209122016,17.65735064760941
great_fen,0,"WN-SS (given-diurnal, Wiener)",1.7031950803664475,1.7924259179355773,1.7050360898521302,0.91,0.9792490118577076,0.9980487804878048,,,,1.1048781968471924,1.517852492343445,1.9726157526471044,,,,0.1775,0.2662450592885375,0.3465853658536585,,,,0.6625,0.8053359683794467,0.9034146341463416,,,,0.9325,0.9851778656126482,1.0,,,,9.980317474208304,16.299246586564365,22.48841518826128,,,
great_fen,0,Neural SDE (Gaussian),2.3957319570977207,4.051792068789874,6.97053811430845,0.8925,0.933794466403162,0.8897560975609756,,,,1.3091728454643716,2.151407276541812,3.674445438520667,,,,0.23625,0.3025296442687747,0.3721951219512195,,,,0.58,0.6017786561264822,0.5014634146341463,,,,0.93,0.9594861660079052,0.9414634146341464,,,,8.562828148566185,14.23281233231629,20.18186213336921,,,
great_fen,0,Neural SDE (Student-t),1.8434282081587323,2.426737219470883,2.5677440640810456,0.8425,0.9644268774703556,0.9951219512195122,,,,1.0334597076133103,1.411898190719591,1.8106366953103523,,,,0.085,0.1758498023715415,0.2517073170731707,,,,0.5375,0.7371541501976284,0.8819512195121951,,,,0.88375,0.9802371541501976,0.9990243902439024,,,,7.820396990553941,14.607423203807366,22.49897007934931,,,
great_fen,0,Neural SDE (ALD),1.8560478999135308,2.403721779668717,2.7112698976791223,0.90875,0.9851778656126482,0.9990243902439024,,,,1.0679711868038844,1.466549134970261,1.8044979165613824,,,,0.1037499999999999,0.1684584980237153,0.2541463414634146,,,,0.625,0.7539525691699605,0.8673170731707317,,,,0.93375,0.9901185770750988,1.0,,,,8.561850421468726,14.152876959255574,18.9390505159708,,,
great_fen,0,mean-var (Gaussian),1.9068890446307705,2.730914019019825,3.590251268281213,0.93,0.9723320158102768,0.9882926829268291,,,,1.1393707105221358,1.5723123368938845,1.8920352827850904,,,,0.1875,0.2495652173913043,0.2578048780487805,,,,0.6925,0.7569169960474308,0.8185365853658536,,,,0.94875,0.9851778656126482,0.9941463414634146,,,,9.4817084958069,14.098215923875038,17.609715813415804,,,
great_fen,0,mean-var (Student-t),1.8630944332524304,2.555767687353605,3.381692762470639,0.83375,0.9575098814229248,0.9951219512195122,,,,1.0502925612427527,1.4448221031543214,1.9090802701017495,,,,0.1037499999999999,0.2079446640316205,0.2956097560975609,,,,0.50875,0.6689723320158103,0.8273170731707317,,,,0.88125,0.982213438735178,0.9990243902439024,,,,7.555369640920776,13.77761046558788,20.607929326965312,,,
great_fen,0,mean-var (ALD),1.7070840110658196,2.027185570940943,2.0294313605014667,0.875,0.9624505928853756,0.9941463414634146,,,,1.0661755263776336,1.4250168766352846,1.7786134531106512,,,,0.09125,0.1706719367588932,0.2424390243902439,,,,0.59625,0.7292490118577075,0.8497560975609756,,,,0.9125,0.9802371541501976,0.9960975609756098,,,,8.587490329884691,14.124072694965813,19.88983749195788,,,
great_fen,0,Analytical (Gaussian),1.6878325835716417,1.7685941294436185,1.6768808232510923,0.94375,0.9950592885375494,1.0,,,,0.9698431954753168,1.2879709396802197,1.6955664985604093,,,,0.13875,0.2111857707509881,0.2624390243902439,,,,0.74875,0.8705533596837944,0.9609756097560976,,,,0.95375,0.99901185770751,1.0,,,,7.600954449517186,13.175353188424006,20.45884037526933,,,
great_fen,0,Analytical (Student-t),1.6878325835716417,1.7685941294436185,1.6768808232510923,0.61875,0.8013833992094862,0.9102439024390244,,,,0.9284377121519388,0.9702946655584218,0.9513241489238728,,,,0.1725000000000001,0.0710276679841896,0.1029268292682927,,,,0.29375,0.4387351778656126,0.5970731707317073,,,,0.7,0.8359683794466403,0.9404878048780488,,,,2.2763005282720545,3.945697011492719,6.12692382414112,,,
great_fen,0,MDN (mixture),1.7388254282351787,2.118528954637705,2.1709011118569967,0.8325,0.9683794466403162,0.9990243902439024,,,,0.9683063612505358,1.2392659241094857,1.557928231603218,,,,0.0675,0.1678260869565217,0.2380487804878048,,,,0.48625,0.7015810276679841,0.8692682926829268,,,,0.8875,0.983201581027668,0.9990243902439024,,,,6.566415813126367,12.20231336316171,17.876552816227573,,,
great_fen,0,Random Forest,1.9207848233857303,1.4540133625773706,1.0348630007449862,,,,,,,,,,,,,,,,,,,,,,,,,,,,,,,,,,,,
great_fen,0,XGBoost,1.9674293994903564,1.4525339603424072,1.0598539113998413,,,,,,,,,,,,,,,,,,,,,,,,,,,,,,,,,,,,
woodwalton,1,WN-SS (ALD),1.1763235182302405,2.0970211780634527,4.102971372430313,0.54375,0.4548981571290009,0.2683127572016461,0.9475,0.8690591658583899,0.6296296296296297,0.6264175437332439,1.194891685267466,2.608028166445306,0.6715487327756853,1.085111471616956,2.297467088790773,0.2975,0.3933268671193016,0.6433744855967078,0.25875,0.2483220174587779,0.416954732510288,0.295,0.2463627546071775,0.1275720164609053,0.79,0.5897187196896218,0.334156378600823,0.58875,0.498545101842871,0.2938271604938272,0.955,0.8933074684772065,0.6962962962962963,1.126781901685055,1.8674069842619947,2.075135325960846,5.340464292317629,5.659875371812271,5.76484701880089
woodwalton,1,WN-SS (Gaussian),3.1090193516266216,7.134952982120233,11.996518422170649,0.885,0.8195926285160039,0.7415637860082305,,,,1.52868872142432,3.5597785500605337,6.225288801532693,,,,0.0875,0.103831231813773,0.1522222222222222,,,,0.63375,0.5033947623666344,0.4320987654320987,,,,0.90875,0.8516003879728419,0.7917695473251029,,,,9.077398554320446,15.709795841466272,19.863621144624645,,,
woodwalton,1,WN-SS (beta-NLL),1.8200897618590044,4.045925578282343,7.012708341644635,0.535,0.4296799224054316,0.4329218106995884,,,,1.0097263660143652,2.309518737942958,4.019785225175689,,,,0.35375,0.441086323957323,0.4437037037037036,,,,0.31,0.2095053346265761,0.225514403292181,,,,0.58375,0.4907856450048496,0.4732510288065844,,,,2.124898706067353,3.5653890098476726,4.11590187671989,,,
woodwalton,1,WN-SS (Student-t),1.1718224790362972,2.105059649875542,3.5292069376311663,0.315,0.2250242483026188,0.182716049382716,,,,0.6516620011355709,1.2717500934306227,2.266283883158012,,,,0.45,0.532929194956353,0.6753497942386831,,,,0.1625,0.1008729388942774,0.0790123456790123,,,,0.37875,0.2861299709020368,0.2246913580246913,,,,0.4012326727109029,0.6811133001682597,0.8589465006831802,,,
woodwalton,1,WN-SS (mixture),1.0779653223617056,1.790789334036995,2.1691056175344148,0.7575,0.7701260911736179,0.7901234567901234,,,,0.5821275046537677,0.9821058096948811,1.1911065750938823,,,,0.1025,0.1307274490785644,0.207037037037037,,,,0.47375,0.518913676042677,0.5868312757201646,,,,0.80875,0.8205625606207565,0.8337448559670781,,,,3.446101972008124,6.041483839729188,7.549301341267402,,,
woodwalton,1,WN-SS (+residual),1.1722499985743835,2.0512177422419717,3.897805229096792,0.725,0.6479146459747818,0.4987654320987654,,,,0.5975255538574878,1.1687468604235964,2.469618298784089,,,,0.215,0.2661105722599418,0.4038271604938271,,,,0.44625,0.3559650824442289,0.2263374485596707,,,,0.7725,0.7070805043646945,0.5497942386831276,,,,2.2312882875036446,3.7339781033916704,4.72916780043286,,,
woodwalton,1,"WN-SS (given-diurnal, st-sp)",1.0683689129650298,1.6423455968886589,1.9728182551421345,0.67625,0.6605237633365665,0.6386831275720165,0.95375,0.9291949563530552,0.9102880658436214,0.5124248983946015,0.8256947289529153,1.026331893828783,0.6207773262219018,0.847968510174791,1.0024041589640362,0.1212499999999999,0.1358583899127061,0.1711522633744855,0.20375,0.1381183317167798,0.1169135802469135,0.42875,0.3802133850630456,0.3646090534979423,0.82375,0.6896217264791464,0.6139917695473252,0.72375,0.7119301648884578,0.6954732510288066,0.965,0.9466537342386032,0.934156378600823,1.3039442505193872,2.277506817686511,2.915631492998558,5.360855151697994,5.764678893146528,6.116191362768043
woodwalton,1,"WN-SS (given-diurnal, Wiener)",1.0683689129650298,1.6423455968886589,1.9728182551421345,0.565,0.4936954413191076,0.4831275720164609,,,,0.5350303558835066,0.8877798384318393,1.1060016020864711,,,,0.1787499999999999,0.2118137730358875,0.2620576131687243,,,,0.3475,0.3074684772065955,0.2395061728395061,,,,0.6175,0.5383123181377304,0.5390946502057613,,,,1.001075165569782,1.682902060157893,2.067337011788117,,,
woodwalton,1,Neural SDE (Gaussian),1.287524482145751,2.3661637186788003,3.626549568563129,0.93375,0.8758486905916586,0.7604938271604939,,,,0.7109665867243922,1.4181084459083455,2.250999821673809,,,,0.31875,0.3892919495635306,0.4745679012345679,,,,0.65625,0.4820562560620756,0.3423868312757201,,,,0.9575,0.918525703200776,0.8477366255144033,,,,5.483103345195296,9.342361878578764,11.81577791438687,,,
woodwalton,1,Neural SDE (Student-t),1.0611804270693557,1.641839112164601,1.970478300627428,0.67625,0.6605237633365665,0.6839506172839506,,,,0.5079633300416811,0.8299747742918641,1.0085129214884871,,,,0.15375,0.1737536372453928,0.2066666666666666,,,,0.48125,0.4219204655674103,0.4353909465020576,,,,0.74875,0.7255092143549952,0.7390946502057614,,,,1.348664922977332,2.4262869649253256,3.167636895516864,,,
woodwalton,1,Neural SDE (ALD),1.076024491613424,1.7131026632012112,2.28851545884888,0.5325,0.4859359844810863,0.4123456790123457,,,,0.5444818797482991,0.922192198026668,1.3198291715049877,,,,0.26375,0.3266343355965083,0.4869547325102881,,,,0.34,0.2880698351115422,0.2148148148148148,,,,0.58375,0.5140640155189137,0.4584362139917695,,,,1.039567139327526,1.8022143856045056,2.070226486472436,,,
woodwalton,1,mean-var (Gaussian),1.1133844677634177,1.762194166237302,2.2641947723001272,0.93125,0.924345295829292,0.959670781893004,,,,0.5814952701629232,0.9679812407475769,1.3099982740054976,,,,0.1999999999999999,0.1985548011639185,0.2718106995884773,,,,0.74,0.7546071774975752,0.7555555555555555,,,,0.945,0.933074684772066,0.968724279835391,,,,4.055290048851864,6.91695723714511,10.644196579844188,,,
woodwalton,1,mean-var (Student-t),1.102281910025803,1.8333513904845549,2.3956825116894467,0.87875,0.8787584869059166,0.9152263374485596,,,,0.5293906303921295,0.9108347729558782,1.200066971239018,,,,0.2075,0.2214645974781766,0.2734156378600823,,,,0.64875,0.6294859359844811,0.6205761316872428,,,,0.9125,0.9224054316197866,0.9604938271604938,,,,3.154554630707949,5.507326787963842,7.477733738500885,,,
woodwalton,1,mean-var (ALD),1.06883460514492,1.7168451119922832,2.0537460888784422,0.81625,0.8351115421920465,0.8905349794238683,,,,0.5025185495848586,0.8171786960490797,0.9940818460683056,,,,0.1175,0.1240737148399611,0.1310288065843621,,,,0.5975,0.5819592628516004,0.5761316872427984,,,,0.86375,0.8758486905916586,0.9325102880658436,,,,2.1827007794091475,3.809073523535536,5.366755187583573,,,
woodwalton,1,MDN (mixture),1.070895893250589,1.6879200601130304,2.1573829687989923,0.92125,0.924345295829292,0.9473251028806584,,,,0.5875437411161571,0.9791717559869252,1.2672524755616126,,,,0.21375,0.2289912706110572,0.3114814814814816,,,,0.7175,0.7080504364694471,0.7135802469135802,,,,0.94125,0.9602327837051406,0.9703703703703704,,,,4.682950003241189,7.933813782810991,10.00150494069091,,,
woodwalton,1,Random Forest,1.6413493319120611,1.443741586819613,1.4951896493925,,,,,,,,,,,,,,,,,,,,,,,,,,,,,,,,,,,,
woodwalton,1,XGBoost,2.5333855152130127,2.1920902729034424,2.106559991836548,,,,,,,,,,,,,,,,,,,,,,,,,,,,,,,,,,,,
rosedene,1,WN-SS (ALD),1.57386268385311,1.6586169702323563,2.0436958655851925,0.85625,0.9569138276553106,0.9830188679245284,0.96125,0.9779559118236472,0.9905660377358492,0.7291422627215232,0.8323264900596772,1.0908382772055734,0.8166853110253518,0.9197614332479974,1.1581031948147966,0.0924999999999999,0.1895991983967936,0.2184905660377358,0.18875,0.2217434869739478,0.2426415094339622,0.54,0.7374749498997996,0.8377358490566038,0.795,0.8677354709418837,0.879245283018868,0.89625,0.9729458917835672,0.9905660377358492,0.97,0.9899799599198396,0.9981132075471698,4.2038713779533285,7.09906731880604,11.039838703775883,6.661782362571452,8.866021419447923,12.22127562651235
rosedene,1,WN-SS (Gaussian),1.5712292852508003,1.7907386498069766,1.9964385465931975,0.965,0.9849699398797596,0.9981132075471698,,,,0.8067052979302902,1.0985110428971356,1.4725656595383911,,,,0.16875,0.2428657314629259,0.3096226415094339,,,,0.76625,0.8937875751503006,0.9264150943396228,,,,0.975,0.9939879759519038,0.9981132075471698,,,,6.666840461867861,11.249539387105536,16.3973377204356,,,
rosedene,1,WN-SS (beta-NLL),1.5699715929116198,1.916428588133401,3.2990281870731826,0.955,0.9889779559118236,0.9981132075471698,,,,0.8174676410290296,1.1159696404677508,1.6614130749134686,,,,0.1675,0.2207815631262524,0.2871698113207547,,,,0.7775,0.8907815631262525,0.9283018867924528,,,,0.97375,0.99498997995992,1.0,,,,7.079496934203197,11.635388068357605,17.294555088385657,,,
rosedene,1,WN-SS (Student-t),1.5322352178837682,1.58187364961974,1.803700870967265,0.8225,0.9448897795591182,0.969811320754717,,,,0.7198976573810572,0.823019736056005,1.107174705265952,,,,0.055,0.1196392785571143,0.2324528301886792,,,,0.50375,0.7104208416833667,0.8056603773584906,,,,0.86625,0.9629258517034068,0.9830188679245284,,,,3.809827537185745,7.230386254487219,11.771563365335732,,,
rosedene,1,WN-SS (mixture),1.5719313242308577,1.648577520339378,2.017474092608348,0.84125,0.9589178356713428,0.9641509433962264,,,,0.7247402818344016,0.7998429308490239,1.0721534518287352,,,,0.0675,0.1437675350701402,0.2350943396226414,,,,0.52625,0.750501002004008,0.8358490566037736,,,,0.9,0.9719438877755512,0.9754716981132076,,,,3.7634030219845,6.523227635372284,9.526689039285664,,,
rosedene,1,WN-SS (+residual),1.7809058684975605,2.4987311003570567,3.3356701414806023,0.9175,0.9599198396793588,0.969811320754717,,,,0.7975880572107507,1.123055634482394,1.5766067502112195,,,,0.10125,0.2537074148296593,0.3190566037735849,,,,0.61,0.7084168336673347,0.6150943396226415,,,,0.9425,0.9729458917835672,0.979245283018868,,,,5.362569283019518,8.797522009594667,12.257383099544862,,,
rosedene,1,"WN-SS (given-diurnal, st-sp)",1.549445544759403,1.582468611153506,1.853589362918316,0.8575,0.9519038076152304,0.9471698113207548,0.9525,0.9729458917835672,0.9622641509433962,0.737106837818589,0.8246455843900902,1.0671053938813395,0.8176465908438167,0.9056427391763984,1.1205737615037898,0.12,0.2136673346693386,0.2452830188679245,0.1962499999999999,0.2337875751503006,0.2622641509433963,0.54125,0.7084168336673347,0.8,0.78,0.843687374749499,0.8584905660377359,0.8925,0.966933867735471,0.958490566037736,0.9625,0.9799599198396792,0.9735849056603774,3.996620229223743,6.427743327252862,9.272069050719574,6.462511162025853,8.214661468532988,10.490040971552425
rosedene,1,"WN-SS (given-diurnal, Wiener)",1.549445544759403,1.582468611153506,1.853589362918316,0.8925,0.968937875751503,0.9867924528301888,,,,0.7164770180710363,0.8470365013872164,1.1587822052408872,,,,0.1325,0.2227054108216432,0.2577358490566037,,,,0.57,0.7595190380761523,0.8301886792452831,,,,0.92,0.9809619238476954,0.9886792452830188,,,,4.593909747402416,7.730835361074178,11.840189029130524,,,
rosedene,1,Neural SDE (Gaussian),1.7950355798586817,2.6685276240527185,3.831076018938548,0.885,0.8386773547094188,0.8226415094339623,,,,0.905721347824336,1.5502105064706684,2.4726314452119045,,,,0.245,0.3174749498997996,0.3952830188679245,,,,0.55625,0.4519038076152304,0.3283018867924528,,,,0.9125,0.8907815631262525,0.8811320754716981,,,,5.662858528826385,9.675412483517835,14.258942323632118,,,
rosedene,1,Neural SDE (Student-t),1.5638586858879755,1.6466523742866526,1.9710373280288007,0.89625,0.9779559118236472,0.9943396226415094,,,,0.7785314274477009,1.0004210632135382,1.4415626007645417,,,,0.1149999999999999,0.2078156312625251,0.300188679245283,,,,0.65,0.8527054108216433,0.9132075471698112,,,,0.94,0.9849699398797596,0.9981132075471698,,,,5.682632983819115,10.792257276169568,17.574590515866877,,,
rosedene,1,Neural SDE (ALD),1.5510828333335145,1.635156791570908,2.0385393845930704,0.88875,0.966933867735471,0.9886792452830188,,,,0.7247058048793957,0.8588832110190644,1.1900973111503297,,,,0.10375,0.1827054108216433,0.2218867924528301,,,,0.60625,0.7955911823647295,0.8735849056603774,,,,0.9075,0.9749498997995992,0.9924528301886792,,,,4.421603913673665,7.754394738462087,12.218713413801677,,,
rosedene,1,mean-var (Gaussian),1.4837239204685235,1.516230477552902,1.8136949467823524,0.93875,0.9799599198396792,0.9943396226415094,,,,0.7709043937529486,1.0066142176118709,1.4611789691883008,,,,0.15375,0.2448496993987975,0.2583018867924528,,,,0.74375,0.8597194388777555,0.8528301886792453,,,,0.95625,0.9899799599198396,0.9962264150943396,,,,6.113048990263836,10.316016646826036,15.651711330541744,,,
rosedene,1,mean-var (Student-t),1.5377061968883534,1.5987641095547478,1.9754267822825144,0.8675,0.9609218436873748,0.981132075471698,,,,0.796130268646165,1.0213220960193654,1.4910558546608554,,,,0.0999999999999999,0.2147695390781563,0.2958490566037736,,,,0.63875,0.8346693386773547,0.8905660377358491,,,,0.90375,0.9719438877755512,0.9886792452830188,,,,6.088891193018644,11.252115097285092,18.189412850304592,,,
rosedene,1,mean-var (ALD),1.5914359600939851,1.8219385939601416,2.2244446661225385,0.95,0.9909819639278558,0.9962264150943396,,,,0.785090450626862,1.0673710202051971,1.4406634418314768,,,,0.145,0.227755511022044,0.2550943396226415,,,,0.71,0.8627254509018036,0.9132075471698112,,,,0.97,0.995991983967936,0.9981132075471698,,,,6.828283339206129,11.195553121288942,15.992724709254952,,,
rosedene,1,MDN (mixture),1.5698409848370596,1.7089092434232795,2.547226543390249,0.8925,0.9649298597194388,0.9716981132075472,,,,0.7318858123337927,0.8804094141496259,1.361844439189654,,,,0.075,0.152745490981964,0.1758490566037736,,,,0.5675,0.7715430861723447,0.7773584905660378,,,,0.93375,0.9789579158316634,0.9905660377358492,,,,4.268761251302435,7.768393339850157,12.272831816723883,,,
rosedene,1,Random Forest,1.9602763179072,1.250348267845556,1.1821353705196138,,,,,,,,,,,,,,,,,,,,,,,,,,,,,,,,,,,,
rosedene,1,XGBoost,2.1152679920196533,1.327986478805542,1.2494417428970337,,,,,,,,,,,,,,,,,,,,,,,,,,,,,,,,,,,,
redmere_1,1,WN-SS (ALD),6.568822414876529,10.20881039376912,4.193897953258724,0.8975,0.9229957805907172,0.982274741506647,0.95,0.940928270042194,0.983751846381093,1.720648671540497,3.000809569230092,1.8912129725845688,1.7697007305321926,3.037139189943443,1.920742031595151,0.18,0.2539240506329114,0.2974002954209749,0.2325,0.2665400843881856,0.3080797636632201,0.56,0.6666666666666666,0.7090103397341211,0.75875,0.7489451476793249,0.7754800590841949,0.9175,0.9525316455696202,0.9940915805022156,0.96125,0.9641350210970464,0.9940915805022156,8.159598615947179,13.965012461093613,15.473821385375372,10.119025388258509,15.257377449239952,16.565306676688714
redmere_1,1,WN-SS (Gaussian),5.820059696287906,8.670463263593406,3.1349284499866443,0.92375,0.9620253164556962,0.9970457902511078,,,,1.434950316354606,2.3355236477026637,1.669121020747626,,,,0.19375,0.2417721518987342,0.3161447562776957,,,,0.715,0.8080168776371308,0.8404726735598228,,,,0.93875,0.9683544303797468,0.998522895125554,,,,7.776251934234983,13.411240351619789,16.90774366010855,,,
redmere_1,1,WN-SS (beta-NLL),7.512538996637501,11.558917067572729,6.297854748077171,0.90125,0.9345991561181436,0.9763663220088626,,,,1.791925202671034,3.237328445310128,2.6604765888385984,,,,0.2375,0.3281856540084388,0.3795568685376661,,,,0.61125,0.6571729957805907,0.6174298375184638,,,,0.925,0.9462025316455696,0.9926144756277696,,,,8.419854458802845,14.348033028226425,16.49990142253468,,,
redmere_1,1,WN-SS (Student-t),5.917463784773171,8.87865943607582,3.936581352295895,0.89125,0.9567510548523208,0.9881831610044312,,,,1.50012072143993,2.473161176065042,1.902808328751605,,,,0.18375,0.2375105485232067,0.2755834564254061,,,,0.56875,0.739451476793249,0.7355982274741507,,,,0.93125,0.971518987341772,0.9970457902511078,,,,7.732291691824559,14.767615577171629,18.699449377701765,,,
redmere_1,1,WN-SS (mixture),1.7435043943296344,2.0183978061198697,1.4785458998769148,0.96375,0.9978902953586498,1.0,,,,3.3177724730135223,5.55295841079249,2.009461053075749,,,,0.1525,0.2361181434599156,0.2935302806499261,,,,0.69375,0.9124472573839664,0.9719350073855244,,,,0.99,0.9989451476793249,1.0,,,,47.40805421299836,78.10778424193539,26.821252492186847,,,
redmere_1,1,WN-SS (+residual),6.162136479547017,9.345427002232476,3.6365164954113167,0.935,0.969409282700422,0.998522895125554,,,,1.4811212626540788,2.5453953038164183,1.865040022185802,,,,0.205,0.2534177215189873,0.2933087149187592,,,,0.67375,0.7721518987341772,0.793205317577548,,,,0.955,0.978902953586498,0.998522895125554,,,,9.227123565113637,15.250949482672024,17.615117038367657,,,
redmere_1,1,"WN-SS (given-diurnal, st-sp)",1.6161531600274115,1.8124047905335725,1.425256129355349,0.9275,0.9820675105485231,0.9955686853766618,0.9775,0.9947257383966244,0.9970457902511078,1.176077198931574,1.6920938245174422,1.7251613016817424,1.2388530919109508,1.74871574344072,1.7803661268906037,0.2025,0.3129957805907173,0.3335302806499262,0.265,0.3240506329113924,0.3353471196454948,0.7325,0.890295358649789,0.9261447562776958,0.87625,0.9229957805907172,0.9379615952732644,0.95875,0.9915611814345991,0.998522895125554,0.99,0.9989451476793249,1.0,12.917810976765583,20.68388668857318,20.63982427485364,14.52136682914756,21.712949839069307,21.520179624659622
redmere_1,1,"WN-SS (given-diurnal, Wiener)",1.6161531600274115,1.8124047905335725,1.425256129355349,0.94125,0.9873417721518988,1.0,,,,0.8888055801125552,1.2860547588302993,1.4662644236865732,,,,0.18125,0.2844725738396624,0.3298966026587887,,,,0.68,0.8575949367088608,0.8759231905465288,,,,0.9625,0.990506329113924,1.0,,,,7.983230141669511,13.855777159111597,16.447390408983434,,,
redmere_1,1,Neural SDE (Gaussian),619.9059343569043,842.1859447657876,363.0303895571504,0.9275,0.940928270042194,0.9940915805022156,,,,37.44073607050852,71.52414573563705,12.43229830006023,,,,0.2125,0.3050210970464135,0.3542097488921714,,,,0.71125,0.7985232067510548,0.8567208271787297,,,,0.94875,0.9630801687763711,0.9940915805022156,,,,81.67539692944568,149.58239985434847,38.59258428874977,,,
redmere_1,1,Neural SDE (Student-t),1054.4134352504525,1432.481102073915,617.5651037580574,0.895,0.9873417721518988,0.9970457902511078,,,,63.01651751063726,122.862786862699,19.095191792165547,,,,0.11125,0.1813502109704641,0.2350073855243722,,,,0.59125,0.8059071729957806,0.8700147710487445,,,,0.94625,0.9978902953586498,1.0,,,,992.1021740552,1953.906765925617,292.8228111651399,,,
redmere_1,1,Neural SDE (ALD),190.4462127199271,258.4755321884429,111.77981081903424,0.93125,0.9725738396624471,0.998522895125554,,,,16.00790899455404,29.761390563164564,5.889169611332831,,,,0.16125,0.2282278481012658,0.2874002954209749,,,,0.67,0.8291139240506329,0.8522895125553914,,,,0.95875,0.979957805907173,0.998522895125554,,,,10.649862863811665,17.996245984720133,17.71030663439187,,,
redmere_1,1,mean-var (Gaussian),644.2299204349245,875.2254619081059,377.2439066284779,0.93375,0.9651898734177216,0.9881831610044312,,,,51.11197039412133,95.78347115818046,16.351840520401062,,,,0.23125,0.290295358649789,0.2918316100443131,,,,0.7525,0.8544303797468354,0.8567208271787297,,,,0.9525,0.9704641350210972,0.9896602658788776,,,,19.06779514976777,30.51193434926308,21.387186784639493,,,
redmere_1,1,mean-var (Student-t),1484.9187489714425,2017.4168674150935,869.4903335601502,0.92625,0.9757383966244726,0.9970457902511078,,,,116.5081738786196,218.7822484879113,35.91622516190869,,,,0.19,0.2691983122362869,0.3006942392909896,,,,0.61625,0.7932489451476793,0.8286558345642541,,,,0.96,0.979957805907173,0.998522895125554,,,,36.15268338411696,74.09954096759877,41.77613723821705,,,
redmere_1,1,mean-var (ALD),508.4379635390628,690.7172646855801,297.7480196527512,0.92375,0.9672995780590716,0.9926144756277696,,,,40.18530047953255,75.64098441798997,13.085636297816452,,,,0.165,0.2386919831223628,0.3021713441654357,,,,0.6975,0.8122362869198312,0.8079763663220089,,,,0.95,0.979957805907173,0.9970457902511078,,,,19.671188248897906,33.950580957395964,20.62533592340733,,,
redmere_1,1,MDN (mixture),2.607954160103153,3.4233050211089417,2.579937121378161,0.925,0.9757383966244726,0.998522895125554,,,,1.52349509723241,2.54169606609071,1.8736978039682557,,,,0.17125,0.2672573839662447,0.2603545051698671,,,,0.65875,0.8322784810126582,0.8301329394387001,,,,0.955,0.9831223628691984,1.0,,,,17.742577695441895,33.59466358338903,22.16081475853876,,,
redmere_1,1,Random Forest,1.4388389247292015,1.180818731697127,0.8903533855857181,,,,,,,,,,,,,,,,,,,,,,,,,,,,,,,,,,,,
redmere_1,1,XGBoost,1.5228641033172607,1.2787023782730105,0.9002425074577332,,,,,,,,,,,,,,,,,,,,,,,,,,,,,,,,,,,,
redmere_2,1,WN-SS (ALD),1.982753596446728,2.2428483107666786,2.9980013685058045,0.935,0.9888551165146908,0.9760765550239234,0.97625,0.9918946301925026,0.9760765550239234,0.9942221330547556,1.3187973279522152,1.64028049948097,1.0812211267300993,1.3996006808798822,1.7050305041265787,0.14625,0.2270111448834853,0.2725358851674641,0.1862499999999999,0.2441033434650456,0.2821052631578947,0.72,0.8682877406281662,0.8732057416267942,0.805,0.8936170212765957,0.8947368421052632,0.96375,0.9929078014184396,0.9772727272727272,0.99,0.994934143870314,0.9844497607655502,8.292978002060204,13.79106560498023,16.287928062570433,10.08628776811715,14.915313677395398,17.177252929971402
redmere_2,1,WN-SS (Gaussian),1.800994022960973,1.7658688756407717,2.1783935971503654,0.9325,0.9888551165146908,0.9748803827751196,,,,0.941037980033343,1.1476742053467035,1.3204605205066533,,,,0.1675,0.2275379939209726,0.2955023923444976,,,,0.76,0.878419452887538,0.8935406698564593,,,,0.95,0.9918946301925026,0.9760765550239234,,,,7.313600702498109,11.782642678714904,13.16361116967097,,,
redmere_2,1,WN-SS (beta-NLL),1.9495636353697572,2.316283219061748,3.940011707608332,0.95625,0.9868287740628168,0.9605263157894736,,,,1.060857787408256,1.4854874939718372,2.0132291088821685,,,,0.1699999999999999,0.2499594731509625,0.3301913875598086,,,,0.7725,0.8976697061803445,0.9138755980861244,,,,0.96875,0.9898682877406282,0.9688995215311004,,,,9.236234170748384,15.49818991426956,17.68635339231796,,,
redmere_2,1,WN-SS (Student-t),1.9040798461922317,1.9271617412945257,2.1438987195661423,0.91375,0.9848024316109424,0.9892344497607656,,,,0.9475355909173646,1.2243440243270798,1.511674143229182,,,,0.15375,0.2453799392097264,0.2770334928229665,,,,0.69625,0.839918946301925,0.9007177033492823,,,,0.95,0.9868287740628168,0.9940191387559808,,,,8.22306870509684,14.441356622140097,18.715262020696574,,,
redmere_2,1,WN-SS (mixture),2.240042357538063,2.664923543123053,2.483728459444396,0.95375,0.993920972644377,1.0,,,,1.128282813770345,1.5530576830677425,1.6920899101771398,,,,0.19125,0.2859067882472138,0.310622009569378,,,,0.77375,0.9098277608915908,0.972488038277512,,,,0.975,0.9989868287740628,1.0,,,,10.66572857921291,17.615664879633478,20.360997171044065,,,
redmere_2,1,WN-SS (+residual),1.9806962839764368,2.9638396499403954,4.279860043569177,0.93,0.9513677811550152,0.9282296650717704,,,,1.0030924699652592,1.5132809022013545,2.1628540056901007,,,,0.165,0.2223404255319148,0.2245933014354066,,,,0.66125,0.7537993920972644,0.6794258373205742,,,,0.96375,0.9645390070921984,0.9569377990430622,,,,7.956007312575354,12.421497402590036,14.14486416209596,,,
redmere_2,1,"WN-SS (given-diurnal, st-sp)",1.8162580126337384,1.7512823442385812,1.6597708001313023,0.95125,0.9969604863221884,1.0,0.9825,0.9979736575481256,1.0,1.0021705935275715,1.3558154628629164,1.6153232292923314,1.088818053133768,1.4296698261500986,1.6741432129162623,0.19,0.2756433637284701,0.3713875598086124,0.2274999999999999,0.2834853090172239,0.3601913875598086,0.77125,0.9138804457953394,0.930622009569378,0.84625,0.9311043566362716,0.9425837320574164,0.97,0.9989868287740628,1.0,0.995,1.0,1.0,9.483257094721775,15.957526344950134,19.19194588406662,11.019352958828208,16.897718898535317,19.907578809309804
redmere_2,1,"WN-SS (given-diurnal, Wiener)",1.8162580126337384,1.7512823442385812,1.6597708001313023,0.9275,0.993920972644377,0.9964114832535884,,,,0.9576879446150854,1.1995715317902278,1.2484058580308788,,,,0.1787499999999999,0.2311955420466058,0.3159330143540669,,,,0.7075,0.8611955420466059,0.8971291866028708,,,,0.96125,0.9969604863221884,1.0,,,,8.288855708380229,13.360772355349985,13.87265251255349,,,
redmere_2,1,Neural SDE (Gaussian),1.8965174066764263,2.114561720774638,2.440524624805061,0.94,0.9878419452887538,0.9617224880382776,,,,1.0485666361638308,1.4176361399177482,1.6660023269151254,,,,0.16875,0.2223404255319148,0.3182296650717703,,,,0.76125,0.8277608915906788,0.7858851674641149,,,,0.96,0.993920972644377,0.9844497607655502,,,,8.562891049425117,14.052802462922644,15.829711488958749,,,
redmere_2,1,Neural SDE (Student-t),2.352899673704248,3.302073500037047,3.903034465749388,0.9475,0.9959473150962512,0.9976076555023924,,,,1.1301541433867108,1.6850296068143693,2.0988481775591805,,,,0.135,0.2204457953394123,0.2771291866028708,,,,0.71625,0.8804457953394124,0.937799043062201,,,,0.97125,1.0,1.0,,,,10.626705888654104,19.38405399270725,25.094694189670264,,,
redmere_2,1,Neural SDE (ALD),2.428688149389507,4.164709037505889,7.679415612268681,0.95625,0.9848024316109424,0.9629186602870812,,,,1.2569072247283657,1.994794272614752,2.996195867090186,,,,0.1362499999999999,0.1956433637284701,0.2098564593301436,,,,0.7325,0.8358662613981763,0.8289473684210527,,,,0.97875,0.9929078014184396,0.9760765550239234,,,,11.812487226839876,19.90223775096426,23.833485224828763,,,
redmere_2,1,mean-var (Gaussian),1.8868421724457671,2.3232748715052134,3.111091168467655,0.9425,0.994934143870314,1.0,,,,1.167902592728191,1.5894204163739123,1.7252706099210695,,,,0.1699999999999999,0.2169199594731509,0.1794258373205741,,,,0.76,0.8693009118541033,0.8289473684210527,,,,0.96,0.9989868287740628,1.0,,,,10.811698499884455,17.283656252622073,17.77021607344159,,,
redmere_2,1,mean-var (Student-t),1.8106203158552232,1.8080353794900736,1.7087805248169117,0.9525,1.0,1.0,,,,1.0017849099487746,1.4220029450499676,1.6802536136238764,,,,0.155,0.2429989868287739,0.2582296650717702,,,,0.74625,0.905775075987842,0.958133971291866,,,,0.97875,1.0,1.0,,,,10.485060081156316,18.85154696268906,22.872053359926603,,,
redmere_2,1,mean-var (ALD),2.157366913432891,3.0282211583210894,3.3277599249789094,0.9125,0.977710233029382,0.9796650717703348,,,,1.09556019492599,1.595234489180892,1.741301427499234,,,,0.1537499999999999,0.1903140830800405,0.1841626794258373,,,,0.66,0.767983789260385,0.7296650717703349,,,,0.95875,0.9878419452887538,0.9916267942583732,,,,9.21304682504339,15.196082975221143,15.570927646572136,,,
redmere_2,1,MDN (mixture),2.08286189947949,3.046664486077124,3.972679259626768,0.95,0.9888551165146908,0.9820574162679426,,,,1.070531723207682,1.6369667785740272,2.093579761202253,,,,0.1075,0.1698277608915906,0.1666985645933014,,,,0.65625,0.7730496453900709,0.757177033492823,,,,0.97,0.9959473150962512,0.9976076555023924,,,,9.734607789781409,16.844673824686982,19.15697333553725,,,
redmere_2,1,Random Forest,1.6832656078878188,1.5061845079459233,1.2516502980156683,,,,,,,,,,,,,,,,,,,,,,,,,,,,,,,,,,,,
redmere_2,1,XGBoost,1.8483830690383911,1.589627981185913,1.3411294221878052,,,,,,,,,,,,,,,,,,,,,,,,,,,,,,,,,,,,
great_fen,1,WN-SS (ALD),1.8516103019252863,2.4245702172827106,2.639419472895458,0.81375,0.9219367588932806,0.9882926829268291,0.93375,0.9752964426877472,0.9892682926829268,1.018905643735761,1.352533106219387,1.671537394592799,1.041186442371332,1.3808363542148756,1.714766397854627,0.0925,0.1729644268774703,0.2763414634146341,0.1649999999999999,0.2026482213438735,0.2839024390243903,0.50625,0.6195652173913043,0.76,0.735,0.7371541501976284,0.7931707317073171,0.85625,0.9525691699604744,0.991219512195122,0.95375,0.983201581027668,0.9980487804878048,6.108596670714206,10.434543264953588,15.309384626999496,8.2880463264822,11.826716702490522,16.293583507204197
great_fen,1,WN-SS (Gaussian),1.7337582153292026,1.9164290334431453,2.0635221585539094,0.87625,0.958498023715415,0.9814634146341464,,,,0.9632483089120436,1.1997950855725863,1.3661391228592303,,,,0.09375,0.1381818181818181,0.1958536585365854,,,,0.63625,0.7233201581027668,0.8263414634146341,,,,0.90875,0.9693675889328064,0.9892682926829268,,,,6.594667794744949,10.622054417427671,13.612641423150896,,,
great_fen,1,WN-SS (beta-NLL),1.9504439674594705,2.8945447745511395,4.201385014699757,0.92,0.9644268774703556,0.9795121951219512,,,,1.099122677082845,1.6012279777045726,2.2428026026144554,,,,0.1825,0.2700395256916996,0.2978048780487805,,,,0.65875,0.6808300395256917,0.6682926829268293,,,,0.93875,0.9812252964426876,0.986341463414634,,,,8.104822460037656,13.132480144063049,18.11479500170125,,,
great_fen,1,WN-SS (Student-t),1.6978308760439873,2.0618187813505187,2.2690488803668374,0.8,0.9110671936758892,0.9678048780487803,,,,1.0255722740416824,1.4320905617949893,1.901317161996953,,,,0.0625,0.1155731225296442,0.2270731707317074,,,,0.51875,0.6877470355731226,0.8029268292682927,,,,0.8475,0.933794466403162,0.9834146341463414,,,,8.083753636189735,15.79557901210641,23.60985183084738,,,
great_fen,1,WN-SS (mixture),1.6866585250492243,1.766667672179338,1.6909453909130248,0.85875,0.9604743083003952,0.9853658536585366,,,,0.9240208776353056,1.0945664247825715,1.2783590744810516,,,,0.07125,0.1099209486166008,0.2160975609756098,,,,0.40375,0.6887351778656127,0.8624390243902439,,,,0.9125,0.9762845849802372,0.9882926829268291,,,,6.0349834662755,10.162346163167886,13.914092286093478,,,
great_fen,1,WN-SS (+residual),1.9831765522211768,2.8317197530387808,3.5190379167953894,0.8775,0.9436758893280632,0.9570731707317072,,,,1.1074922680270771,1.5650536223863116,2.054598326221019,,,,0.12,0.1995256916996047,0.2863414634146341,,,,0.55125,0.6600790513833992,0.6741463414634147,,,,0.91375,0.9624505928853756,0.982439024390244,,,,7.775533668878021,12.401042528267904,15.92656902120244,,,
great_fen,1,"WN-SS (given-diurnal, st-sp)",1.7031950803664475,1.7924259179355773,1.7050360898521302,0.90125,0.9525691699604744,0.9736585365853658,0.965,0.9782608695652174,0.9882926829268291,1.0722108464405102,1.4164131279220424,1.6230952128462683,1.1123183606588598,1.4518042709090735,1.6548123168744318,0.145,0.2531225296442687,0.3236585365853658,0.20875,0.2711857707509881,0.3207317073170732,0.6275,0.7816205533596838,0.8341463414634146,0.795,0.8409090909090909,0.8751219512195122,0.92375,0.9654150197628458,0.9892682926829268,0.98125,0.9891304347826086,0.9951219512195122,9.339369572904424,14.883651459887217,17.771417335183514,10.900985787814948,15.886766616077338,18.47839371739328
great_fen,1,"WN-SS (given-diurnal, Wiener)",1.7031950803664475,1.7924259179355773,1.7050360898521302,0.885,0.966403162055336,0.9921951219512196,,,,1.0471997208620951,1.36754533694742,1.702757063843903,,,,0.12625,0.2285770750988142,0.3119512195121951,,,,0.60625,0.7608695652173914,0.8731707317073171,,,,0.9125,0.9772727272727272,0.9960975609756098,,,,8.307974275554063,13.83987077411647,19.137431338026754,,,
great_fen,1,Neural SDE (Gaussian),2.667704000321121,5.210165238568868,10.06762586112974,0.975,0.9861660079051384,0.9834146341463414,,,,2.523964494657136,3.9941989035447154,6.683985370286809,,,,0.2324999999999999,0.1836363636363636,0.2526829268292683,,,,0.795,0.7480237154150198,0.7258536585365853,,,,0.98625,0.9950592885375494,0.991219512195122,,,,27.831150314664463,40.660124873584905,63.42768605925106,,,
great_fen,1,Neural SDE (Student-t),1.6859054656194077,2.052811331462399,2.278731530349755,0.65375,0.8448616600790514,0.9560975609756096,,,,1.0036055788697744,1.2288303994684342,1.511173471596715,,,,0.1474999999999999,0.1129644268774703,0.1965853658536585,,,,0.3925,0.5563241106719368,0.7521951219512195,,,,0.7225,0.8745059288537549,0.975609756097561,,,,5.311500488852615,10.619503650965404,17.081820847801318,,,
great_fen,1,Neural SDE (ALD),1.9307341259019508,2.850213075546056,4.266996178726684,0.75375,0.8428853754940712,0.88,,,,1.0419435077819492,1.499622739251796,2.1265509188059597,,,,0.1424999999999999,0.2134387351778656,0.2882926829268293,,,,0.4175,0.5049407114624506,0.5795121951219512,,,,0.815,0.8982213438735178,0.9053658536585366,,,,4.88966978392424,8.172493807259734,11.234187667245545,,,
great_fen,1,mean-var (Gaussian),1.9883818106788456,2.7127342535003014,3.413416772370067,0.7675,0.8369565217391305,0.951219512195122,,,,1.116766959127921,1.5114824821129602,1.7478290335655011,,,,0.1275,0.1855731225296442,0.1885365853658536,,,,0.51625,0.5869565217391305,0.6692682926829269,,,,0.80375,0.8853754940711462,0.9785365853658536,,,,6.566339229310862,11.114245701423318,14.880769833630904,,,
great_fen,1,mean-var (Student-t),1.9420645268438828,2.7691131789750654,3.1406857984782697,0.75875,0.91600790513834,0.9873170731707316,,,,1.0953622400101053,1.4295339557037736,1.6020550472286652,,,,0.0799999999999999,0.1523715415019762,0.2058536585365853,,,,0.46125,0.6136363636363636,0.7902439024390244,,,,0.81125,0.9426877470355732,0.9931707317073172,,,,7.677760667796711,13.007287678212338,17.50553871882125,,,
great_fen,1,mean-var (ALD),1.780352421184623,2.2359507880568623,3.004481561587849,0.7875,0.9100790513833992,0.9482926829268292,,,,0.9943280408956484,1.2463194577632364,1.629370807014313,,,,0.0775,0.1275494071146245,0.127560975609756,,,,0.4675,0.58399209486166,0.6682926829268293,,,,0.82625,0.9367588932806324,0.9590243902439024,,,,5.7255028070514085,9.31720474223945,12.317872681449826,,,
great_fen,1,MDN (mixture),1.7117848662880866,1.822281311550648,1.792850398514882,0.86,0.9713438735177866,0.9990243902439024,,,,0.9516914436858795,1.1664150325927227,1.3749620121908277,,,,0.05625,0.150790513833992,0.197560975609756,,,,0.48625,0.7124505928853755,0.8614634146341463,,,,0.91625,0.9881422924901184,1.0,,,,6.9053185320934265,11.64141186220176,15.78026434847058,,,
great_fen,1,Random Forest,1.9167982389059588,1.446100919384064,1.0422288692715589,,,,,,,,,,,,,,,,,,,,,,,,,,,,,,,,,,,,
great_fen,1,XGBoost,1.9674293994903564,1.4525339603424072,1.0598539113998413,,,,,,,,,,,,,,,,,,,,,,,,,,,,,,,,,,,,
woodwalton,42,WN-SS (ALD),1.2989215711063424,2.478723263096445,4.946014081572586,0.88375,0.8729388942774006,0.7901234567901234,0.97875,0.9573229873908826,0.848559670781893,0.6793705398320924,1.279320995882706,2.4045891057728856,0.7924680964567108,1.325201833448698,2.416745922823281,0.245,0.2722696411251213,0.3478189300411521,0.295,0.2991949563530552,0.3545267489711934,0.64875,0.6081474296799224,0.4699588477366255,0.81875,0.7225994180407371,0.5489711934156378,0.91875,0.909796314258002,0.8452674897119341,0.98875,0.9776915615906888,0.8814814814814815,5.048117663390934,8.86267778878213,10.608073475242213,7.629510017313062,10.696878716054758,12.163166912376203
woodwalton,42,WN-SS (Gaussian),1.198629888609917,2.0717029061061374,4.1565945773668185,0.625,0.501454898157129,0.3144032921810699,,,,0.6298242026422433,1.2227840747673573,2.7915460826933987,,,,0.26625,0.4042967992240543,0.6342798353909466,,,,0.37375,0.2919495635305528,0.1465020576131687,,,,0.6775,0.5635305528612997,0.3596707818930041,,,,1.807468784859404,2.895886658380669,3.349770896778185,,,
woodwalton,42,WN-SS (beta-NLL),1.41593806931732,2.9453447094016467,7.439676108632547,0.72625,0.6188166828322017,0.4271604938271605,,,,0.7870253320057848,1.7543001546503254,4.682056762644047,,,,0.2875,0.3396799224054316,0.5732098765432099,,,,0.49625,0.3811833171677982,0.1860082304526749,,,,0.76875,0.6614936954413191,0.4625514403292181,,,,3.4246432091630994,5.733915697260028,6.501046098552858,,,
woodwalton,42,WN-SS (Student-t),1.0996842940954734,1.7290736617593558,2.3939986210399344,0.7525,0.7817652764306499,0.8411522633744856,,,,0.5543147718631942,0.901419545689449,1.2294643108937215,,,,0.0925,0.0799903006789525,0.2089300411522634,,,,0.5625,0.5402521823472357,0.5102880658436214,,,,0.78875,0.8234723569350145,0.8995884773662551,,,,2.85056293257419,5.204673237290691,7.193644858249519,,,
woodwalton,42,WN-SS (mixture),2.823600108767621,7.000879994482618,9.914104453033971,0.95125,0.9282250242483028,0.9448559670781892,,,,1.3929582654661778,3.297266583647176,4.950997597217998,,,,0.23125,0.2069835111542192,0.1259670781893004,,,,0.79,0.7449078564500485,0.6888888888888889,,,,0.98125,0.9408341416100872,0.9506172839506172,,,,12.925368090424683,22.548193037727437,33.57056578749523,,,
woodwalton,42,WN-SS (+residual),1.1627120229154768,2.020718250268301,3.594286327924672,0.66875,0.5751697381183317,0.4032921810699588,,,,0.5767075543574327,1.078261672430502,2.1713174814844627,,,,0.2174999999999999,0.3016876818622697,0.4845679012345678,,,,0.3525,0.2822502424830262,0.1925925925925926,,,,0.72625,0.6372453928225025,0.442798353909465,,,,1.5401733133997766,2.68458048914542,3.215772419339774,,,
woodwalton,42,"WN-SS (given-diurnal, st-sp)",1.0683689129650298,1.6423455968886589,1.9728182551421345,0.98625,0.9961202715809894,1.0,0.99375,0.997090203685742,1.0,0.8487878113589085,1.5143306746405345,1.9663570282884693,0.9625210089140332,1.5730005199698402,2.009749431758753,0.255,0.2732395732298739,0.2855555555555555,0.29125,0.2800290979631425,0.2977777777777777,0.90875,0.9311348205625606,0.976954732510288,0.94,0.9515033947623668,0.9835390946502056,0.99,0.9980601357904948,1.0,0.99625,0.9980601357904948,1.0,10.530897940643133,18.41429958604637,24.538493852795643,11.942657460368704,19.273871517440103,25.194091975467256
woodwalton,42,"WN-SS (given-diurnal, Wiener)",1.0683689129650298,1.6423455968886589,1.9728182551421345,0.90375,0.9311348205625606,0.9777777777777776,,,,0.5739667050282417,0.953156219576716,1.2051689061997537,,,,0.1974999999999999,0.1889233753637245,0.1862962962962963,,,,0.745,0.7594568380213385,0.8131687242798354,,,,0.93125,0.9582929194956352,0.9876543209876544,,,,4.566667581451125,8.429333420418505,11.93351665519837,,,
woodwalton,42,Neural SDE (Gaussian),1.6540006037866395,3.757351081681778,7.241910217905338,0.98125,0.988360814742968,0.980246913580247,,,,1.0657163719676257,2.170130953473702,3.4618084019605653,,,,0.275,0.3038409311348206,0.3027983539094651,,,,0.8725,0.7623666343355965,0.6625514403292181,,,,0.985,0.994180407371484,0.9909465020576133,,,,11.018556107029315,19.39787436311145,25.656333765594493,,,
woodwalton,42,Neural SDE (Student-t),4.1354920935468495,11.2464321496577,26.105995202158415,0.6925,0.5344325897187197,0.2156378600823045,,,,2.3238581597022785,7.008112861125457,18.968924397640038,,,,0.53625,0.6716682832201746,0.8033333333333333,,,,0.26375,0.0717749757516973,0.019753086419753,,,,0.7625,0.6323957322987391,0.3119341563786008,,,,11.028324412145649,20.06398406546873,24.987228328550053,,,
woodwalton,42,Neural SDE (ALD),1.071312897992542,1.6436182700550768,2.0290790959758733,0.9525,0.976721629485936,0.9983539094650206,,,,0.6453262255104784,1.0742014465586056,1.3174967974483012,,,,0.20625,0.2255480116391852,0.2561728395061728,,,,0.8025,0.8312318137730359,0.8600823045267489,,,,0.965,0.9873908826382152,0.9991769547325104,,,,6.422313618401065,11.271649385590168,14.460699737981084,,,
woodwalton,42,mean-var (Gaussian),1.3703473148900784,2.3569293762045884,3.199280624479478,0.985,0.991270611057226,1.0,,,,0.9768779038335724,1.691152142277348,2.2085976439221326,,,,0.2575,0.2568865179437439,0.2464197530864197,,,,0.89,0.8797284190106692,0.8255144032921811,,,,0.98625,0.9961202715809894,1.0,,,,10.3893789232173,17.71555516824097,23.060966670087577,,,
woodwalton,42,mean-var (Student-t),1.2811049000515136,2.418932035160384,4.205755751808156,0.995,0.997090203685742,1.0,,,,1.56231419474915,2.916256372162212,3.8757660276007218,,,,0.33625,0.4024733268671192,0.4462551440329217,,,,0.9375,0.959262851600388,0.9497942386831276,,,,0.99625,0.997090203685742,1.0,,,,22.04334823577572,39.22783991582799,48.170967533303255,,,
woodwalton,42,mean-var (ALD),1.1044380851899631,1.664166073528896,2.060752862531074,0.985,0.9961202715809894,1.0,,,,0.8190293513840436,1.4310895413083538,1.817526168367623,,,,0.2387499999999999,0.2646459747817652,0.3221399176954732,,,,0.8925,0.9369544131910766,0.974485596707819,,,,0.98875,0.997090203685742,1.0,,,,9.754008304173126,17.17378811001214,22.325596505479552,,,
woodwalton,42,MDN (mixture),1.088527114110336,1.8136766273117704,2.522486553573132,0.99875,0.9990300678952472,1.0,,,,2.2413518228990266,4.198520358693244,5.909522638675468,,,,0.35125,0.3847817652764307,0.3977777777777778,,,,0.97125,0.9932104752667312,1.0,,,,1.0,1.0,1.0,,,,32.94808494512317,57.50048132495436,78.4679074742274,,,
woodwalton,42,Random Forest,1.661285335231105,1.4461298959141389,1.489696248329377,,,,,,,,,,,,,,,,,,,,,,,,,,,,,,,,,,,,
woodwalton,42,XGBoost,2.5333855152130127,2.1920902729034424,2.106559991836548,,,,,,,,,,,,,,,,,,,,,,,,,,,,,,,,,,,,
rosedene,42,WN-SS (ALD),1.6005088763031967,1.8050440639129288,2.280403788084619,0.84375,0.9478957915831664,0.9490566037735848,0.95125,0.9719438877755512,0.9641509433962264,0.7513693490896541,0.8768361575091324,1.1939212351395292,0.8273155477289599,0.9575105380238312,1.2524755591814267,0.08375,0.1575551102204408,0.1956603773584906,0.18,0.1967334669338677,0.230188679245283,0.52625,0.717434869739479,0.8150943396226416,0.7825,0.842685370741483,0.8490566037735849,0.88,0.9629258517034068,0.9641509433962264,0.9675,0.9789579158316634,0.9716981132075472,3.918562703673029,6.809061710604346,10.626594467894083,6.387483123994432,8.588292430385291,11.814029498901569
rosedene,42,WN-SS (Gaussian),1.65783630585187,2.0838690887032647,3.644144106955253,0.95,0.9799599198396792,0.9754716981132076,,,,0.8527391726540627,1.18840131335318,1.9234887399472127,,,,0.1549999999999999,0.247815631262525,0.2858490566037736,,,,0.77625,0.8677354709418837,0.8283018867924529,,,,0.9575,0.9879759519038076,0.9754716981132076,,,,6.4938974996800525,11.061143353768438,16.298289180091526,,,
rosedene,42,WN-SS (beta-NLL),1.6005006407379134,1.7796227236031117,2.175202850021868,0.925,0.9809619238476954,0.9735849056603774,,,,0.7818580328077267,0.986665054533962,1.3370565404547954,,,,0.125,0.2007214428857715,0.2764150943396226,,,,0.69125,0.8366733466933868,0.8716981132075472,,,,0.94375,0.9879759519038076,0.9754716981132076,,,,5.55534344397555,9.25888589759374,12.76922380549587,,,
rosedene,42,WN-SS (Student-t),1.6216281840382527,1.700122348895095,2.1333628326624345,0.86,0.9609218436873748,0.9566037735849056,,,,0.7904430084983198,0.9618526428484494,1.3880172957483643,,,,0.0799999999999999,0.1606813627254509,0.2481132075471698,,,,0.5525,0.7605210420841684,0.8566037735849057,,,,0.9025,0.9719438877755512,0.9641509433962264,,,,5.340281387087423,9.630303315185609,15.213499424281125,,,
rosedene,42,WN-SS (mixture),1.7034757579146895,2.0080018733113807,2.165715649801797,0.8925,0.9579158316633266,0.960377358490566,,,,0.7776706366128799,0.953445900076968,1.2417500654006135,,,,0.05125,0.1596793587174347,0.2632075471698113,,,,0.54875,0.7715430861723447,0.8245283018867925,,,,0.9325,0.9709418837675352,0.9641509433962264,,,,4.792381868876982,7.866770305877218,11.490116928816544,,,
rosedene,42,WN-SS (+residual),1.7336052305589478,2.127353329439748,3.154968323437322,0.80875,0.9008016032064128,0.9,,,,0.7847458219724461,0.9775872312223964,1.4907205283012377,,,,0.06125,0.0916432865731463,0.1558490566037735,,,,0.4975,0.6022044088176353,0.6377358490566037,,,,0.855,0.9278557114228456,0.918867924528302,,,,3.6829249947248015,6.091084446015214,8.582750409134082,,,
rosedene,42,"WN-SS (given-diurnal, st-sp)",1.549445544759403,1.582468611153506,1.853589362918316,0.8875,0.968937875751503,0.9716981132075472,0.96375,0.9859719438877756,0.9773584905660376,0.7441095984791235,0.8900028565578092,1.1770782514349154,0.8261962778046481,0.9624210564082292,1.2275269183460935,0.1312499999999999,0.2376553106212424,0.2552830188679245,0.2075,0.2507214428857716,0.2613207547169811,0.5925,0.7575150300601202,0.8264150943396227,0.80375,0.8767535070140281,0.869811320754717,0.925,0.9829659318637276,0.9773584905660376,0.9775,0.9899799599198396,0.981132075471698,4.826185254242504,7.990690555445333,11.342150237288251,6.925222414779942,9.450763236277387,12.33641693974722
rosedene,42,"WN-SS (given-diurnal, Wiener)",1.549445544759403,1.582468611153506,1.853589362918316,0.835,0.939879759519038,0.958490566037736,,,,0.7122879354660234,0.7991868854864687,1.0712434147170815,,,,0.1025,0.194689378757515,0.2335849056603773,,,,0.5075,0.7074148296593187,0.7811320754716982,,,,0.89125,0.9629258517034068,0.9754716981132076,,,,3.784190534790512,6.314317448858827,9.291875948862891,,,
rosedene,42,Neural SDE (Gaussian),1.5861242263805926,1.8309040264113532,2.3691563474156414,0.97125,0.9899799599198396,0.9830188679245284,,,,0.9335481743541444,1.3643949080083142,1.8595190083749196,,,,0.2025,0.268817635270541,0.3333962264150943,,,,0.8575,0.93687374749499,0.920754716981132,,,,0.98,0.9909819639278558,0.9924528301886792,,,,8.776706865320913,15.079495544780888,20.574533530830774,,,
rosedene,42,Neural SDE (Student-t),1.6315142085744525,1.849979353784863,2.458042745554577,0.9,0.9649298597194388,0.9679245283018868,,,,0.794712556800481,1.0322973088775147,1.5631471157359182,,,,0.0712499999999999,0.1868737474949899,0.2358490566037736,,,,0.5975,0.812625250501002,0.8433962264150944,,,,0.93125,0.9759519038076152,0.979245283018868,,,,5.565270376338622,10.439968765760868,16.610576114248275,,,
rosedene,42,Neural SDE (ALD),1.602045522562202,1.7944192147750595,2.173104124529632,0.8725,0.9569138276553106,0.9679245283018868,,,,0.7395855411590955,0.8880349808231734,1.197120187511323,,,,0.0925,0.1785971943887775,0.2047169811320754,,,,0.57375,0.7645290581162325,0.8528301886792453,,,,0.90875,0.9729458917835672,0.979245283018868,,,,4.41062244790187,7.521086422532408,11.333443948539712,,,
rosedene,42,mean-var (Gaussian),1.54642115795091,1.6758941205750923,2.1131519389276936,0.95,0.9829659318637276,0.9924528301886792,,,,0.8573973359757594,1.1635896390416158,1.5678487196246207,,,,0.1749999999999999,0.2808216432865731,0.3239622641509434,,,,0.77875,0.874749498997996,0.8150943396226416,,,,0.96125,0.9919839679358716,0.9962264150943396,,,,7.621566629856124,12.321304548443305,16.473196763754732,,,
rosedene,42,mean-var (Student-t),1.616810482992859,1.767886060562575,2.2001766193552004,0.9575,0.9939879759519038,1.0,,,,0.9426209401478336,1.4467378070064,2.2949687013892754,,,,0.1612499999999999,0.2538677354709419,0.3115094339622641,,,,0.76625,0.9168336673346692,0.9528301886792452,,,,0.97875,0.997995991983968,1.0,,,,10.112470928436842,18.69550172977433,31.088773624213797,,,
rosedene,42,mean-var (ALD),1.564185405255782,1.6705682785829856,2.0906595496638816,0.9725,0.99498997995992,0.9981132075471698,,,,0.8122990344157052,1.1478433703682809,1.6408250168470229,,,,0.17625,0.2718637274549098,0.2990566037735849,,,,0.7775,0.933867735470942,0.9641509433962264,,,,0.99125,0.996993987975952,1.0,,,,7.884517296513541,13.430201246539404,20.22486124028715,,,
rosedene,42,MDN (mixture),1.7475456258634168,2.024377764124299,2.6950188599093075,0.95625,0.9899799599198396,0.9981132075471698,,,,0.8109657207074445,1.089870416433549,1.629192757841728,,,,0.1625,0.2357715430861723,0.2337735849056604,,,,0.71,0.8517034068136272,0.879245283018868,,,,0.98125,0.995991983967936,1.0,,,,6.453625344698317,10.905190253822518,16.821854625314753,,,
rosedene,42,Random Forest,1.974857918556191,1.245279572616362,1.1816765597032373,,,,,,,,,,,,,,,,,,,,,,,,,,,,,,,,,,,,
rosedene,42,XGBoost,2.1152679920196533,1.327986478805542,1.2494417428970337,,,,,,,,,,,,,,,,,,,,,,,,,,,,,,,,,,,,
redmere_1,42,WN-SS (ALD),5.913544215103379,9.179131896834264,4.803503987580953,0.9175,0.9578059071729956,0.9807976366322008,0.9625,0.9651898734177216,0.983751846381093,1.5223518641352125,2.694497232790933,2.0642052063967604,1.5757988173876294,2.736193132563119,2.105864561916095,0.185,0.2754430379746835,0.3262629246676514,0.24125,0.300759493670886,0.3313737075332348,0.5725,0.689873417721519,0.7385524372230429,0.77125,0.7489451476793249,0.7725258493353028,0.9425,0.971518987341772,0.9867060561299852,0.97375,0.9757383966244726,0.9867060561299852,7.100659828507341,12.128224584067883,14.590289147848614,9.119823513092472,13.431935113091573,15.573336676524692
redmere_1,42,WN-SS (Gaussian),3.017699398855332,3.970249599126762,2.5060953017724774,0.89625,0.9546413502109704,0.9940915805022156,,,,1.0295642200859043,1.493480581722675,1.3805354810329078,,,,0.1599999999999999,0.1939240506329114,0.2635302806499262,,,,0.6675,0.7647679324894515,0.8581979320531757,,,,0.92,0.969409282700422,0.9970457902511078,,,,5.8630261949016695,10.158370202464612,13.797919385273838,,,
redmere_1,42,WN-SS (beta-NLL),2.418299869455444,3.2284137050067763,3.3585709634559517,0.9025,0.9630801687763711,0.983751846381093,,,,1.0306848999022589,1.509406705385929,1.7575581679354912,,,,0.15875,0.2175949367088607,0.2567208271787297,,,,0.695,0.7858649789029536,0.8050221565731167,,,,0.93,0.9778481012658228,0.9926144756277696,,,,6.912659170485101,11.915407247492404,15.08815124959711,,,
redmere_1,42,WN-SS (Student-t),7.270620572367622,10.57212913061568,4.143866151241373,0.85875,0.9620253164556962,0.983751846381093,,,,1.6299150219625635,2.639092119795334,2.040787396901732,,,,0.17875,0.2575105485232067,0.3120531757754801,,,,0.545,0.6951476793248945,0.7193500738552437,,,,0.91625,0.9746835443037974,0.9970457902511078,,,,8.110290689888874,15.351300101832852,19.045994736790725,,,
redmere_1,42,WN-SS (mixture),3.642066162889491,4.821983617338029,2.5022988970234823,0.93625,0.981012658227848,0.998522895125554,,,,1.0765144838239291,1.683831729019407,1.6607098225743475,,,,0.1125,0.2070886075949367,0.3138700147710487,,,,0.63,0.8459915611814346,0.9409158050221564,,,,0.96625,0.981012658227848,0.998522895125554,,,,7.763491144624537,13.60957355501468,19.382066060906407,,,
redmere_1,42,WN-SS (+residual),6.384185035336425,9.411861591389115,3.366382051515107,0.9375,0.9862869198312236,1.0,,,,8.27450500211202,14.986401104163434,3.5906596502221,,,,0.17375,0.2666666666666666,0.3392171344165435,,,,0.64375,0.7890295358649789,0.8183161004431314,,,,0.95625,0.9936708860759492,1.0,,,,140.44337293475982,255.3811705405961,53.97552096072468,,,
redmere_1,42,"WN-SS (given-diurnal, st-sp)",1.6161531600274115,1.8124047905335725,1.425256129355349,0.94,0.9820675105485231,1.0,,,,1.186012718872646,1.8220806883625944,1.4831995680973018,,,,0.175,0.2791561181434599,0.3185376661742983,,,,0.65625,0.8470464135021097,0.8936484490398818,,,,0.96125,0.989451476793249,1.0,,,,13.66123574221646,23.649018531470293,17.33433220698395,,,
redmere_1,42,"WN-SS (given-diurnal, Wiener)",1.6161531600274115,1.8124047905335725,1.425256129355349,0.9025,0.9820675105485231,0.998522895125554,,,,0.8124268731896157,1.0992255400605204,1.278039953350055,,,,0.14875,0.2391561181434599,0.3380797636632201,,,,0.58875,0.7774261603375527,0.8611521418020679,,,,0.9275,0.9947257383966244,1.0,,,,6.046523288175697,10.531131542698809,13.929347237638654,,,
redmere_1,42,Neural SDE (Gaussian),171.78247782285206,233.421654693574,100.59387975338691,0.93625,0.9820675105485231,1.0,,,,18.634423745173784,33.41298262177261,6.709266722298673,,,,0.19125,0.2523628691983122,0.2976218611521418,,,,0.70125,0.8396624472573839,0.9010339734121122,,,,0.9525,0.9873417721518988,1.0,,,,198.73996494422624,368.6385275631687,68.96913674899777,,,
redmere_1,42,Neural SDE (Student-t),149.24820155017883,202.66348274002328,87.46757148332613,0.91375,0.9883966244725738,0.9970457902511078,,,,18.92546228720694,34.54128697684249,6.742920088314603,,,,0.1175,0.1839662447257384,0.244327917282127,,,,0.55875,0.790084388185654,0.896602658788774,,,,0.95625,0.9926160337552744,1.0,,,,344.3659233565185,678.5193402236135,111.63145898628804,,,
redmere_1,42,Neural SDE (ALD),1.5978098784151498,1.788200559629748,1.4765157590641609,0.92,0.9841772151898734,1.0,,,,0.8142792211107169,1.1367908489583505,1.3397883752666142,,,,0.13875,0.2329113924050632,0.3074002954209749,,,,0.62125,0.8122362869198312,0.8744460856720827,,,,0.9525,0.9947257383966244,1.0,,,,6.4510207781335325,11.33636369419673,14.75246858204353,,,
redmere_1,42,mean-var (Gaussian),56.593538332069855,76.90246297020398,33.18710186728456,0.94,0.978902953586498,0.9970457902511078,,,,4.613189558667362,7.842052992456877,2.546873766335681,,,,0.175,0.2149789029535865,0.2594387001477105,,,,0.7375,0.859704641350211,0.9084194977843428,,,,0.9575,0.9831223628691984,0.998522895125554,,,,16.07302562329778,26.657009824340225,17.691724161588017,,,
redmere_1,42,mean-var (Student-t),506.1354100408343,687.6589437509261,296.3155968333332,0.92375,0.9767932489451476,0.998522895125554,,,,38.80997711885429,72.21400028266653,12.569318784219195,,,,0.1475,0.2381434599156118,0.2452437223042836,,,,0.605,0.8312236286919831,0.896602658788774,,,,0.95375,0.9820675105485231,0.998522895125554,,,,21.526161035249935,42.969063943169445,22.31468191882884,,,
redmere_1,42,mean-var (ALD),5.907123515525415,7.969654383359878,3.6520742520179046,0.93125,0.9841772151898734,0.9970457902511078,,,,1.5354066279377196,2.314247641187097,1.484444211402345,,,,0.15125,0.250337552742616,0.2902363367799113,,,,0.64625,0.8449367088607594,0.9054652880354506,,,,0.9575,0.9915611814345991,1.0,,,,18.156366234423825,29.40985862922576,17.43273896814229,,,
redmere_1,42,MDN (mixture),6.365281128471223,8.534685539603027,3.961338672726298,0.92375,0.969409282700422,0.9970457902511078,,,,1.3033196480013662,2.0321133152364763,1.5282870536150674,,,,0.12125,0.2081856540084388,0.2772821270310192,,,,0.5775,0.8016877637130801,0.8921713441654358,,,,0.9525,0.9778481012658228,0.998522895125554,,,,6.91517188399611,12.19741871125941,16.460984548828403,,,
redmere_1,42,Random Forest,1.460916800406201,1.2123097263618567,0.9198879738893826,,,,,,,,,,,,,,,,,,,,,,,,,,,,,,,,,,,,
redmere_1,42,XGBoost,1.5228641033172607,1.2787023782730105,0.9002425074577332,,,,,,,,,,,,,,,,,,,,,,,,,,,,,,,,,,,,
redmere_2,42,WN-SS (ALD),1.936977823777397,2.0402263828994647,2.054174966648516,0.9275,0.9878419452887538,0.992822966507177,0.965,0.994934143870314,0.9940191387559808,0.9490282809975656,1.2174064800167756,1.4225350320995824,1.0373230327365588,1.2989243876746328,1.4868310495393031,0.1375,0.2385511651469098,0.3407177033492823,0.18875,0.257274569402229,0.3438755980861244,0.71875,0.8763931104356636,0.8899521531100478,0.815,0.9067882472137792,0.9090909090909092,0.9525,0.9969604863221884,0.9964114832535884,0.98,0.9979736575481256,1.0,7.44318354158243,12.81660307414618,15.375305112456658,9.277530251872724,13.94135722982666,16.269780539514485
redmere_2,42,WN-SS (Gaussian),1.8293986919831715,1.7827216936375618,1.6941113037264504,0.89,0.9817629179331308,0.9964114832535884,,,,0.9149492093073772,1.0710409314202634,1.0731874465227542,,,,0.1474999999999999,0.2236170212765956,0.2550717703349282,,,,0.6775,0.8196555217831814,0.8911483253588517,,,,0.9125,0.9908814589665652,0.9976076555023924,,,,6.073061389826703,10.088740788851965,11.48220651099574,,,
redmere_2,42,WN-SS (beta-NLL),1.8312913907913824,1.7512057916935162,1.6262628319234107,0.9425,0.9929078014184396,1.0,,,,1.0188227526276692,1.3268303065621696,1.4450423472556522,,,,0.1725,0.2605775075987842,0.2778947368421053,,,,0.785,0.9088145896656536,0.9545454545454546,,,,0.95875,0.9969604863221884,1.0,,,,8.64359832387045,14.657532134018044,17.2257089921554,,,
redmere_2,42,WN-SS (Student-t),1.822139896672567,1.8132948790332304,2.110012716346517,0.9425,0.9929078014184396,0.9976076555023924,,,,0.9375935434925544,1.294151509111599,1.6725389523697494,,,,0.15,0.2417223910840932,0.3001913875598086,,,,0.74375,0.9078014184397164,0.9521531100478468,,,,0.97375,1.0,1.0,,,,9.012333190798758,16.655649091717017,22.16336837339629,,,
redmere_2,42,WN-SS (mixture),1.8309231303392832,1.766446018799275,1.6362959704252549,0.8775,0.9685916919959472,0.986842105263158,,,,0.8586319901243336,0.9658103229922383,1.106206097140401,,,,0.0549999999999999,0.1678926038500506,0.2439712918660287,,,,0.535,0.7629179331306991,0.9126794258373204,,,,0.91875,0.9797365754812564,0.9952153110047848,,,,5.5372642180221145,9.538554411857428,12.66877909521238,,,
redmere_2,42,WN-SS (+residual),1.8662376530472613,1.926012462805926,2.183118680982864,0.97125,0.9989868287740628,1.0,,,,1.0214533347530432,1.4843599305523028,2.075170269476278,,,,0.2024999999999999,0.26806484295846,0.3650717703349282,,,,0.805,0.9189463019250254,0.9102870813397128,,,,0.9825,0.9989868287740628,1.0,,,,9.8855894802222,16.907802043856698,22.407194171546465,,,
redmere_2,42,"WN-SS (given-diurnal, st-sp)",1.8162580126337384,1.7512823442385812,1.6597708001313023,0.915,0.9929078014184396,0.998803827751196,0.95125,0.9969604863221884,0.998803827751196,0.909309605290646,1.126609779856425,1.3734515002667345,0.986796600196303,1.2002790797685132,1.4252937118226263,0.16,0.2474062816616008,0.3502870813397129,0.2025,0.2656433637284701,0.3526794258373206,0.72625,0.8763931104356636,0.930622009569378,0.80625,0.8976697061803445,0.9401913875598086,0.93625,0.9959473150962512,1.0,0.975,0.9989868287740628,1.0,7.03532633789163,11.889024587632312,15.435343857423254,8.71793461711658,12.8857931927858,16.247188886864617
redmere_2,42,"WN-SS (given-diurnal, Wiener)",1.8162580126337384,1.7512823442385812,1.6597708001313023,0.9525,0.993920972644377,1.0,,,,0.9199156908696478,1.2037085754425298,1.4810943987278713,,,,0.17625,0.2571833839918946,0.3450717703349282,,,,0.74625,0.9118541033434652,0.9413875598086124,,,,0.97125,0.9959473150962512,1.0,,,,7.959451741091906,13.566320643203357,17.18547106084712,,,
redmere_2,42,Neural SDE (Gaussian),1.8063842895545776,1.7479462767502345,1.708532933288203,0.8775,0.9584599797365756,0.9964114832535884,,,,0.9009462682536392,1.0442575487489796,1.0469407726020616,,,,0.1362499999999999,0.1941033434650455,0.2264593301435407,,,,0.64875,0.7659574468085106,0.7978468899521531,,,,0.90125,0.9807497467071936,0.998803827751196,,,,5.576047634269109,9.171125941904563,10.305299365304354,,,
redmere_2,42,Neural SDE (Student-t),2.2410076813242314,2.797610871985878,2.3815012255747887,0.91375,0.9878419452887538,1.0,,,,1.0328996289408108,1.4077665688868348,1.4780045183245254,,,,0.1024999999999999,0.1984194528875379,0.3069377990430622,,,,0.6475,0.8125633232016211,0.8301435406698564,,,,0.95,0.9959473150962512,1.0,,,,8.448353931495452,14.933238455109684,17.817599245891614,,,
redmere_2,42,Neural SDE (ALD),1.852665335116804,1.8852100560166152,1.99120857845394,0.95125,0.9959473150962512,1.0,,,,1.006216685703546,1.3739911777335965,1.7110813850959676,,,,0.21125,0.2800911854103343,0.3578947368421052,,,,0.7675,0.8865248226950354,0.8576555023923444,,,,0.97375,0.9989868287740628,1.0,,,,9.136648303912953,15.093601707338138,17.95863842816052,,,
redmere_2,42,mean-var (Gaussian),1.852182418057064,1.9107692679624704,1.852028851363788,0.92625,0.9878419452887538,1.0,,,,1.2158243309417502,1.7169889815624717,1.681365293196137,,,,0.175,0.2360385005065857,0.2474641148325359,,,,0.78125,0.8996960486322189,0.8899521531100478,,,,0.94,0.9979736575481256,1.0,,,,11.870367384504991,19.701173933449727,20.158977337465867,,,
redmere_2,42,mean-var (Student-t),1.8052124698649528,1.7884222275898052,1.721487031671709,0.87125,0.9736575481256332,0.9976076555023924,,,,0.8551739333427328,1.0236590215066648,1.098462028721606,,,,0.0925,0.1738399189463019,0.1892822966507177,,,,0.5725,0.7446808510638298,0.7739234449760766,,,,0.925,0.9918946301925026,1.0,,,,5.6466028094575735,10.432816796454295,12.298990068282556,,,
redmere_2,42,mean-var (ALD),1.8158944912471908,1.7248318781890202,1.52311247072932,0.86125,0.9756838905775076,0.9964114832535884,,,,0.8516814273470871,0.9331119160325886,0.914433769111826,,,,0.1,0.1604457953394124,0.2438755980861244,,,,0.5975,0.7730496453900709,0.8277511961722488,,,,0.90375,0.9888551165146908,1.0,,,,5.139993446816806,8.368363993112167,9.18066346987293,,,
redmere_2,42,MDN (mixture),1.8500490199679087,1.823922057837244,1.6544457785423146,0.88125,0.972644376899696,0.9964114832535884,,,,0.8719977604130251,1.0028007744543557,1.0085718738727183,,,,0.1049999999999999,0.1686828774062816,0.2013397129186602,,,,0.59375,0.7608915906788247,0.8409090909090909,,,,0.92375,0.9888551165146908,0.998803827751196,,,,5.762018305057775,9.643066574497622,10.264462256788065,,,
redmere_2,42,Random Forest,1.689518903562785,1.5045363532284022,1.2384208344014402,,,,,,,,,,,,,,,,,,,,,,,,,,,,,,,,,,,,
redmere_2,42,XGBoost,1.8483830690383911,1.589627981185913,1.3411294221878052,,,,,,,,,,,,,,,,,,,,,,,,,,,,,,,,,,,,
great_fen,42,WN-SS (ALD),1.691912074665356,1.787851216712019,1.7372490458820515,0.835,0.9466403162055336,0.991219512195122,0.93875,0.9802371541501976,0.9960975609756098,0.930665679621122,1.1274016802842193,1.288204883980526,0.9631143860138814,1.166214859165869,1.3393304313445449,0.09125,0.1812648221343873,0.2673170731707317,0.17875,0.2228853754940711,0.2717073170731707,0.53625,0.6739130434782609,0.8156097560975609,0.73375,0.7776679841897233,0.864390243902439,0.89,0.9624505928853756,0.9960975609756098,0.9675,0.9861660079051384,1.0,5.609385637713129,9.5202296229407,12.89556247779654,7.747747471453622,10.908857245468663,13.944402184452224
great_fen,42,WN-SS (Gaussian),1.722065056906413,1.9534434044612563,2.1491692441478163,0.89875,0.9624505928853756,0.9804878048780488,,,,1.0029729137947094,1.3348457675068912,1.6314559301403269,,,,0.12375,0.1779446640316205,0.2156097560975609,,,,0.675,0.7885375494071146,0.8126829268292682,,,,0.92875,0.9752964426877472,0.9892682926829268,,,,7.601910646964796,12.559864859355857,16.57353374207274,,,
great_fen,42,WN-SS (beta-NLL),1.7256806234425752,1.936383017896132,2.2675887083198774,0.85625,0.9436758893280632,0.9873170731707316,,,,0.9587805235900114,1.1954168489172978,1.4531253631041496,,,,0.1,0.1864426877470356,0.2329268292682926,,,,0.595,0.682806324110672,0.7804878048780488,,,,0.8875,0.967391304347826,0.9931707317073172,,,,6.055580912899691,9.99135452075622,13.643331919981938,,,
great_fen,42,WN-SS (Student-t),1.6877415333844932,1.7934411110962465,1.685267857050724,0.7275,0.9110671936758892,0.984390243902439,,,,0.9892827081549532,1.1550597636103392,1.4058447964837308,,,,0.1124999999999999,0.105691699604743,0.198780487804878,,,,0.4275,0.6324110671936759,0.8448780487804878,,,,0.79,0.9367588932806324,0.9951219512195122,,,,5.682219221906735,10.794107669690556,17.271092248481946,,,
great_fen,42,WN-SS (mixture),1.7189348082781102,1.8711245427816392,1.897840238169779,0.89375,0.984189723320158,1.0,,,,0.9394823762120358,1.1909036372670212,1.412428493728318,,,,0.0775,0.1764822134387351,0.2165853658536585,,,,0.5475,0.7440711462450593,0.8429268292682927,,,,0.94,0.9950592885375494,1.0,,,,7.399157465339638,12.226301015001672,15.362866439162596,,,
great_fen,42,WN-SS (+residual),1.8801763271720155,2.977138122110324,3.588351033233809,0.79875,0.900197628458498,0.9541463414634146,,,,0.9978429850877544,1.377261728787033,1.6464582897374602,,,,0.0912499999999999,0.1598814229249012,0.2182926829268292,,,,0.44,0.5701581027667985,0.6731707317073171,,,,0.8475,0.933794466403162,0.9668292682926828,,,,5.074648166621103,8.539586178370358,11.491848088810356,,,
great_fen,42,"WN-SS (given-diurnal, st-sp)",1.7031950803664475,1.7924259179355773,1.7050360898521302,0.86375,0.9634387351778656,0.9980487804878048,0.95,0.9871541501976284,0.9990243902439024,0.9653138414340704,1.212714015199315,1.4789392643685069,0.9982810252650326,1.2524200291080354,1.5183860311025843,0.1225,0.2194466403162055,0.2934146341463414,0.19125,0.253399209486166,0.3070731707317073,0.60125,0.7361660079051383,0.8780487804878049,0.75125,0.7944664031620553,0.9131707317073172,0.90625,0.983201581027668,0.9980487804878048,0.9675,0.9940711462450592,1.0,6.776429894622879,11.440510163563228,16.02380689208936,8.429237219983712,12.471403775482507,16.754151390225424
great_fen,42,"WN-SS (given-diurnal, Wiener)",1.7031950803664475,1.7924259179355773,1.7050360898521302,0.8225,0.932806324110672,0.9853658536585366,,,,0.949012901367018,1.1122345494743948,1.266154325601224,,,,0.08875,0.1753359683794466,0.2421951219512195,,,,0.49875,0.6383399209486166,0.7619512195121951,,,,0.865,0.9693675889328064,0.9951219512195122,,,,5.52031407425506,8.867465040224545,12.024200433597512,,,
great_fen,42,Neural SDE (Gaussian),1.6966253638337807,1.8298477287432335,1.8078948341202885,0.8975,0.9752964426877472,0.9990243902439024,,,,0.9950580174889154,1.2803784958740076,1.5514519295697362,,,,0.1175,0.1846245059288537,0.2419512195121951,,,,0.67125,0.8142292490118577,0.9141463414634148,,,,0.91875,0.9881422924901184,1.0,,,,7.284058074750936,12.55365684774811,17.97990094780449,,,
great_fen,42,Neural SDE (Student-t),1.6807733098957254,1.7836262719117548,1.8110436076778773,0.84,0.966403162055336,0.9921951219512196,,,,0.9637020222090332,1.2038006778106345,1.4867310360186352,,,,0.0437499999999999,0.1584584980237154,0.2309756097560975,,,,0.52375,0.7460474308300395,0.8682926829268293,,,,0.89125,0.9812252964426876,0.9960975609756098,,,,7.213907790481112,13.194802220880968,18.66860726633849,,,
great_fen,42,Neural SDE (ALD),1.7228463093373825,1.9182941751206537,1.907142416802594,0.81625,0.9367588932806324,0.986341463414634,,,,0.9624378755282488,1.1710610429840738,1.3625007651724574,,,,0.08875,0.182094861660079,0.2582926829268293,,,,0.50375,0.6413043478260869,0.7853658536585366,,,,0.86875,0.9614624505928854,0.9941463414634146,,,,5.723123823407105,9.342391726674451,12.712759372792956,,,
great_fen,42,mean-var (Gaussian),1.7506407318456692,2.17488364236268,2.9126680820862627,0.815,0.9268774703557312,0.9697560975609756,,,,0.9638037037376266,1.2361067977663294,1.5818374031057711,,,,0.12875,0.2122529644268775,0.2939024390243902,,,,0.55625,0.6482213438735178,0.7092682926829268,,,,0.8525,0.951581027667984,0.9853658536585366,,,,5.657687054147943,9.486012898954256,13.002895375926682,,,
great_fen,42,mean-var (Student-t),1.7073715759988228,1.88388856849162,1.971956499738564,0.7775,0.9140316205533596,0.9746341463414634,,,,0.9941120533572394,1.226555803881164,1.5455381071164618,,,,0.08125,0.1564426877470355,0.2624390243902439,,,,0.4625,0.6768774703557312,0.833170731707317,,,,0.815,0.9436758893280632,0.986341463414634,,,,6.476141003963537,12.132457604872894,18.754114826490238,,,
great_fen,42,mean-var (ALD),1.7076316089972017,2.080891838427477,2.2541279994340937,0.80875,0.9308300395256917,0.9853658536585366,,,,0.93498401699267,1.1568618671467883,1.4075141648196117,,,,0.0799999999999999,0.1408300395256917,0.2373170731707317,,,,0.4525,0.6136363636363636,0.7853658536585366,,,,0.8575,0.951581027667984,0.9951219512195122,,,,4.709765954985283,8.359115043650988,12.776528031344457,,,
great_fen,42,MDN (mixture),1.7043521229120842,1.8627730126793007,1.7169949887678415,0.77625,0.9308300395256917,0.984390243902439,,,,0.909892161519088,1.0019527295570865,1.0891772158596014,,,,0.10625,0.1154545454545454,0.2053658536585366,,,,0.3875,0.6096837944664032,0.8117073170731708,,,,0.8625,0.9693675889328064,0.9941463414634146,,,,4.431917831881437,7.699912559671379,10.940616607766234,,,
great_fen,42,Random Forest,1.9072958608471973,1.4478084851906503,1.0455331989005483,,,,,,,,,,,,,,,,,,,,,,,,,,,,,,,,,,,,
great_fen,42,XGBoost,1.9674293994903564,1.4525339603424072,1.0598539113998413,,,,,,,,,,,,,,,,,,,,,,,,,,,,,,,,,,,,
