site,seed,model,rmse_h0-2,rmse_h2-5,rmse_h5+,covraw_h0-2,covraw_h2-5,covraw_h5+,covfix_h0-2,covfix_h2-5,covfix_h5+,crpsraw_h0-2,crpsraw_h2-5,crpsraw_h5+,crpsfix_h0-2,crpsfix_h2-5,crpsfix_h5+,pitksraw_h0-2,pitksraw_h2-5,pitksraw_h5+,pitksfix_h0-2,pitksfix_h2-5,pitksfix_h5+,cov50raw_h0-2,cov50raw_h2-5,cov50raw_h5+,cov50fix_h0-2,cov50fix_h2-5,cov50fix_h5+,cov95raw_h0-2,cov95raw_h2-5,cov95raw_h5+,cov95fix_h0-2,cov95fix_h2-5,cov95fix_h5+,sharpraw_h0-2,sharpraw_h2-5,sharpraw_h5+,sharpfix_h0-2,sharpfix_h2-5,sharpfix_h5+
woodwalton,0,WN-SS (ALD),1.148476594823112,2.252607045646184,3.056658164293898,0.77,0.7381183317167799,0.6674897119341564,0.96125,0.92725509214355,0.8650205761316873,0.5585678491977498,1.0234744099229511,1.551385392419158,0.6651558752600971,1.041303090522585,1.5151475227405051,0.08125,0.0983317167798254,0.1432921810699588,0.2162499999999999,0.1147429679922406,0.0556378600823045,0.49875,0.4374393792434529,0.3925925925925926,0.83,0.6702230843840931,0.5415637860082304,0.8075,0.7672162948593598,0.7448559670781894,0.9775,0.9495635305528612,0.9061728395061728,2.3574282848644064,3.911834022519834,5.112050224163036,5.878904395109043,6.8076592311234165,7.627438260146987
woodwalton,0,WN-SS (Gaussian),1.5730024731545285,3.2499505549365417,6.105129302906079,0.93,0.9194956353055286,0.8477366255144033,,,,0.8023633608066888,1.5682163104647338,2.921678571960198,,,,0.1675,0.1380213385063045,0.0711111111111111,,,,0.7775,0.6993210475266731,0.5341563786008231,,,,0.95125,0.9408341416100872,0.8847736625514403,,,,6.805209997029974,12.012990031928314,15.256022186841005,,,
woodwalton,0,WN-SS (beta-NLL),1.1949816466979124,2.186080352974618,5.330741418292744,0.86625,0.8341416100872939,0.7530864197530864,,,,0.6008031440363946,1.135668105070099,2.3697915242583725,,,,0.21875,0.2128031037827352,0.3411522633744855,,,,0.64,0.5751697381183317,0.4403292181069959,,,,0.89875,0.8603297769156159,0.7958847736625514,,,,3.3869491553078404,5.89654759913683,7.807017931630797,,,
woodwalton,0,WN-SS (Student-t),1.288200281118037,2.7472942496941246,5.290488221153435,0.87375,0.8777885548011639,0.8362139917695474,,,,0.7109677889358197,1.406463755052126,2.631040542300333,,,,0.20375,0.2186905916585838,0.2595061728395061,,,,0.68875,0.6285160038797284,0.6106995884773663,,,,0.9125,0.9078564500484966,0.8732510288065843,,,,5.578486004957929,9.947419824339738,15.38162868987416,,,
woodwalton,0,WN-SS (mixture),2.287776174356908,5.503183417116292,8.719636793205126,0.85875,0.8351115421920465,0.8148148148148148,,,,0.977560462730056,2.235081850749329,3.8169537061578462,,,,0.1587499999999999,0.1552764306498545,0.1989711934156378,,,,0.6175,0.5732298739088264,0.4897119341563786,,,,0.90375,0.8797284190106692,0.8510288065843621,,,,5.288222875559236,9.46969949752562,13.26353900428846,,,
woodwalton,0,WN-SS (+residual),1.3443176253326996,2.63899485790021,5.52337721404878,0.265,0.1784675072744908,0.0814814814814814,,,,0.8612551718585286,1.9710012364682603,4.491171542038907,,,,0.5887500000000001,0.6974490785645004,0.8514814814814815,,,,0.0825,0.066925315227934,0.0288065843621399,,,,0.32,0.2017458777885548,0.1037037037037037,,,,1.030499730227515,1.8501943926152589,2.402204924396281,,,
woodwalton,0,"WN-SS (given-diurnal, st-sp)",1.0683689129650298,1.6423455968886589,1.9728182551421345,0.94,0.959262851600388,0.9843621399176956,0.98625,0.9844810863239574,0.9917695473251028,0.6866388426332722,1.1737832013364735,1.6243608661632034,0.7976798721786489,1.235764129943556,1.6627445423221665,0.2149999999999999,0.2338409311348205,0.2095061728395061,0.25,0.2451115421920465,0.2258436213991769,0.79875,0.8157129000969933,0.8181069958847736,0.89625,0.8632395732298739,0.8674897119341564,0.95375,0.9670223084384092,0.9893004115226336,0.99125,0.9932104752667312,0.9925925925925926,7.286875073847825,12.370597209988086,18.149305339460817,9.105604942362756,13.616166339031665,19.051035774197477
woodwalton,0,"WN-SS (given-diurnal, Wiener)",1.0683689129650298,1.6423455968886589,1.9728182551421345,0.72875,0.6925315227934045,0.6847736625514403,,,,0.5131693443795815,0.8296690139469819,1.0178204700367262,,,,0.11625,0.1157904946653733,0.1353086419753086,,,,0.45875,0.4277400581959263,0.3868312757201646,,,,0.76625,0.7371483996120272,0.731687242798354,,,,1.6994122213702647,2.9700756699529727,3.954449984164364,,,
woodwalton,0,Neural SDE (Gaussian),1.240601865915813,2.1838372529365264,3.1584725802303786,0.7075,0.6789524733268671,0.5901234567901235,,,,0.618391608834567,1.131967826461168,1.694619881189992,,,,0.1149999999999999,0.123850630455868,0.169753086419753,,,,0.4675,0.4258001939864209,0.3292181069958848,,,,0.7525,0.7109602327837051,0.6551440329218107,,,,2.1885354798710903,3.653739719992552,4.266621724459737,,,
woodwalton,0,Neural SDE (Student-t),1.0833724558436426,1.689046449760466,2.1895603315275314,0.92625,0.9408341416100872,0.9810699588477366,,,,0.6518661688674898,1.1379228121148115,1.6139369290864995,,,,0.1949999999999999,0.2109311348205625,0.2600823045267489,,,,0.76625,0.7710960232783706,0.8337448559670781,,,,0.9425,0.9631425800193988,0.9909465020576133,,,,6.1455488038389,11.460724940759452,17.907673413742778,,,
woodwalton,0,Neural SDE (ALD),1.0808820714585732,1.6748516635568296,2.102857668673688,0.95375,0.965082444228904,0.9761316872427984,,,,0.664515684141455,1.1575137371001547,1.60155697020953,,,,0.2262499999999999,0.2339088263821532,0.2737037037037036,,,,0.795,0.8147429679922406,0.7884773662551441,,,,0.97,0.9728419010669254,0.9893004115226336,,,,6.5903233354096304,11.77625329964058,16.172068334352456,,,
woodwalton,0,mean-var (Gaussian),1.0957900215047225,1.7505906380099316,2.51894672750671,0.84,0.8215324927255092,0.7843621399176954,,,,0.6421722118172352,1.0690319605175704,1.4992981999063564,,,,0.19,0.1751794374393792,0.2336213991769548,,,,0.67,0.6304558680892337,0.5209876543209877,,,,0.86125,0.8603297769156159,0.842798353909465,,,,4.632525532433297,7.683895020729254,8.724217761680483,,,
woodwalton,0,mean-var (Student-t),1.1539327521202911,1.851654348235456,2.219590269064012,0.89875,0.918525703200776,0.9613168724279836,,,,0.7155786577863121,1.174819362602645,1.3766825204561206,,,,0.1775,0.1615324927255092,0.1916872427983539,,,,0.74375,0.7633365664403492,0.7654320987654321,,,,0.9175,0.938894277400582,0.9835390946502056,,,,6.57281331987027,11.058596275565256,13.181581594399924,,,
woodwalton,0,mean-var (ALD),1.0799096086707012,1.675287806210436,2.270924164105282,0.9325,0.9456838021338506,0.9588477366255144,,,,0.8017083623487136,1.2897872328440816,1.5271722627703548,,,,0.22125,0.2442095053346266,0.277119341563786,,,,0.7775,0.7701260911736179,0.7448559670781894,,,,0.95125,0.965082444228904,0.9835390946502056,,,,8.503569377755746,13.506761403978556,14.973852749857514,,,
woodwalton,0,Analytical (Gaussian),1.0389930969183754,1.594589285410214,1.9159706515716204,0.99125,0.9932104752667312,0.9975308641975308,,,,0.7749623017128333,1.3044168134213028,1.8757111048410329,,,,0.265,0.2815033947623666,0.3280246913580247,,,,0.9075,0.930164888457808,0.9604938271604938,,,,0.99125,0.9961202715809894,0.9983539094650206,,,,8.449154219311662,14.726658989531352,22.729035638313537,,,
woodwalton,0,Analytical (Student-t),1.0389930969183754,1.594589285410214,1.9159706515716204,0.90375,0.924345295829292,0.9572016460905348,,,,0.5140060134810633,0.8283998711949303,1.0597420368554369,,,,0.1575,0.1359456838021338,0.2152674897119341,,,,0.7025,0.7032007759456838,0.7646090534979424,,,,0.92125,0.9427740058195926,0.9662551440329218,,,,3.1621770883845164,5.51159352225574,8.506559780057014,,,
woodwalton,0,MDN (mixture),1.0654456393875569,1.6635749478272566,2.0678228097821805,0.955,0.9641125121241512,0.9810699588477366,,,,0.5995471104715461,1.0059940521935504,1.34900652349601,,,,0.2049999999999999,0.2297963142580018,0.2975720164609053,,,,0.78375,0.8147429679922406,0.8395061728395061,,,,0.96875,0.982541222114452,0.9876543209876544,,,,5.478601465135813,9.431189036416296,13.086454458738611,,,
woodwalton,0,Random Forest,1.671629606278996,1.4669931637699418,1.5237248406961277,,,,,,,,,,,,,,,,,,,,,,,,,,,,,,,,,,,,
woodwalton,0,XGBoost,2.5333855152130127,2.1920902729034424,2.106559991836548,,,,,,,,,,,,,,,,,,,,,,,,,,,,,,,,,,,,
rosedene,0,WN-SS (ALD),1.5967766345765504,1.9502406029893464,2.7903479806494813,0.7925,0.8847695390781564,0.8566037735849057,0.9425,0.9589178356713428,0.9452830188679244,0.7126823923120252,0.8593188028297574,1.2460683373198378,0.7923376829083185,0.9366333591468669,1.29259789731268,0.0587499999999999,0.0894789579158316,0.2409433962264151,0.1574999999999999,0.1937675350701403,0.2784905660377359,0.425,0.5831663326653307,0.5679245283018868,0.775,0.7745490981963928,0.6641509433962264,0.84875,0.9238476953907816,0.8924528301886793,0.9575,0.968937875751503,0.958490566037736,2.936840518514626,4.816942597675381,6.696542927964396,5.797915397065692,7.003303391527839,8.34351866507024
rosedene,0,WN-SS (Gaussian),1.6013609307007244,1.8504810157950984,2.5321717529199934,0.97875,0.996993987975952,1.0,,,,0.909169730579062,1.278299594287983,1.6968317540528846,,,,0.19625,0.2468537074148296,0.280377358490566,,,,0.8125,0.9248496993987976,0.9377358490566038,,,,0.99,0.996993987975952,1.0,,,,8.745043224765451,14.331631326560816,19.172253450225547,,,
rosedene,0,WN-SS (beta-NLL),1.6700676021868832,1.915817981365701,2.392704523127966,0.89375,0.9619238476953909,0.9735849056603774,,,,0.7451056968035096,0.9077129550438142,1.2389551107944927,,,,0.065,0.1747895791583166,0.2277358490566038,,,,0.615,0.7354709418837675,0.6641509433962264,,,,0.92875,0.9739478957915833,0.9867924528301888,,,,4.4417515130590175,7.233922760333409,10.054388693890902,,,
rosedene,0,WN-SS (Student-t),1.6008551428004136,1.78687673090795,2.4420992262647654,0.85625,0.9448897795591182,0.9415094339622642,,,,0.7250516393651477,0.8586590967590624,1.1869723251552904,,,,0.04625,0.0985571142284568,0.1571698113207548,,,,0.54375,0.6673346693386774,0.6962264150943396,,,,0.895,0.9639278557114228,0.960377358490566,,,,3.931616115207318,6.420886232492463,8.980718411203686,,,
rosedene,0,WN-SS (mixture),1.5891354819765782,1.6913322348991005,2.2054126513409167,0.9075,0.9759519038076152,0.979245283018868,,,,0.7161561730051497,0.8489752333674033,1.170883359199255,,,,0.09625,0.182625250501002,0.2299999999999999,,,,0.5525,0.7705410821643287,0.7641509433962265,,,,0.9475,0.9899799599198396,0.9943396226415094,,,,4.299689865152817,7.499232365016662,10.425224146237069,,,
rosedene,0,WN-SS (+residual),1.5628695034499012,1.7052963414089022,2.308259785310662,0.85625,0.9509018036072144,0.9377358490566038,,,,0.7027251520836332,0.7911185434442938,1.1278488893811551,,,,0.0474999999999999,0.0937074148296592,0.1513207547169811,,,,0.5075,0.654308617234469,0.7037735849056603,,,,0.89125,0.9629258517034068,0.9547169811320756,,,,3.669706337491516,5.868858590298229,8.794088114752382,,,
rosedene,0,"WN-SS (given-diurnal, st-sp)",1.549445544759403,1.582468611153506,1.853589362918316,0.9075,0.9769539078156312,0.9773584905660376,0.96125,0.9829659318637276,0.9830188679245284,0.7511804014724415,0.9081308421521932,1.2214575562680454,0.8349966123513863,0.9774346852710722,1.2658082385109646,0.1549999999999999,0.2587174348697395,0.2966037735849056,0.21125,0.2697595190380761,0.3022641509433962,0.645,0.7955911823647295,0.8641509433962264,0.80375,0.874749498997996,0.879245283018868,0.9375,0.9859719438877756,0.9830188679245284,0.97375,0.9879759519038076,0.9849056603773584,5.017199307446833,8.322044393354709,12.190646468780512,6.9504124485179775,9.623630287310108,13.08275468842882
rosedene,0,"WN-SS (given-diurnal, Wiener)",1.549445544759403,1.582468611153506,1.853589362918316,0.84375,0.9468937875751504,0.960377358490566,,,,0.7024793327465,0.7687364760494876,0.956659430120619,,,,0.09125,0.1795991983967935,0.2058490566037736,,,,0.51,0.6923847695390781,0.7320754716981132,,,,0.89125,0.9649298597194388,0.9773584905660376,,,,3.500842955447267,5.772550474088321,7.446450925788508,,,
rosedene,0,Neural SDE (Gaussian),1.6139765389588148,1.9447882055491488,2.817449730529255,0.92125,0.9619238476953909,0.939622641509434,,,,0.790167233235064,1.0776324716409365,1.5772394040052502,,,,0.0975,0.1567334669338678,0.1252830188679246,,,,0.645,0.7144288577154309,0.6509433962264151,,,,0.9375,0.9749498997995992,0.958490566037736,,,,5.408914263824,8.981174279104186,11.714884638656631,,,
rosedene,0,Neural SDE (Student-t),1.6197620363940295,1.772444409026665,2.3738915546238446,0.8675,0.9509018036072144,0.9566037735849056,,,,0.740999409304959,0.8756371514924068,1.2210721300296152,,,,0.06875,0.1387775551102205,0.1743396226415094,,,,0.56875,0.7294589178356713,0.7188679245283018,,,,0.90875,0.9679358717434868,0.9622641509433962,,,,4.025810728160664,6.595026372423495,9.130496741354744,,,
rosedene,0,Neural SDE (ALD),1.6538055701653156,1.8713355831575025,2.5526073157072653,0.89375,0.9679358717434868,0.9716981132075472,,,,0.727856448368859,0.8624242345746749,1.1776981624708671,,,,0.0875,0.15374749498998,0.2232075471698114,,,,0.58,0.7915831663326653,0.8528301886792453,,,,0.9375,0.9789579158316634,0.9735849056603774,,,,4.421787700749002,7.358491511583302,10.263457773830035,,,
rosedene,0,mean-var (Gaussian),1.6841623784893611,1.8703963740655056,2.245334249069504,0.95625,0.9929859719438878,0.9905660377358492,,,,0.8534399207720637,1.123234523138778,1.4369078376286557,,,,0.15375,0.2148296593186373,0.2326415094339623,,,,0.7625,0.8697394789579158,0.8433962264150944,,,,0.97875,0.99498997995992,0.9943396226415094,,,,7.358463301765266,11.622346619425532,14.300443782506616,,,
rosedene,0,mean-var (Student-t),1.6030828409192268,1.7120193847193277,2.173363414398195,0.90125,0.9679358717434868,0.9754716981132076,,,,0.7767633434378607,0.9757800145424824,1.3146563727535188,,,,0.105,0.1967935871743487,0.2320754716981132,,,,0.6525,0.8276553106212425,0.8452830188679246,,,,0.92875,0.9809619238476954,0.9867924528301888,,,,5.3702908326264005,9.194015306261608,13.181068624092864,,,
rosedene,0,mean-var (ALD),1.584556636160535,1.6987165707381555,2.068742522305944,0.93,0.9869739478957916,0.9962264150943396,,,,0.7384394047483022,0.90197115819038,1.1961674480119864,,,,0.13875,0.2008016032064128,0.2449056603773584,,,,0.67375,0.8527054108216433,0.8886792452830189,,,,0.9525,0.9879759519038076,1.0,,,,5.433207867808523,8.834941764712473,12.52675034159267,,,
rosedene,0,Analytical (Gaussian),1.5488687110204975,1.5939227408104228,1.798077956872177,0.95125,0.9899799599198396,1.0,,,,0.8630333944935684,1.1567412484967157,1.5450625925370152,,,,0.20875,0.2608617234468937,0.310188679245283,,,,0.8125,0.9268537074148296,0.9264150943396228,,,,0.95625,0.9919839679358716,1.0,,,,7.201147293193264,12.504933884135916,17.76689405218891,,,
rosedene,0,Analytical (Student-t),1.5488687110204975,1.5939227408104228,1.798077956872177,0.76625,0.8877755511022044,0.9132075471698112,,,,0.7361320552549018,0.7597116902822634,0.915955846391598,,,,0.0874999999999999,0.1084769539078156,0.1439622641509435,,,,0.4875,0.6523046092184369,0.7415094339622641,,,,0.80625,0.9098196392785572,0.918867924528302,,,,2.385376718447776,4.142253544246908,5.885275410743044,,,
rosedene,0,MDN (mixture),1.8302023105870195,2.174156010462395,2.476462839171544,0.9225,0.9829659318637276,0.9867924528301888,,,,0.8024677633027635,1.0146021751424843,1.356095501299606,,,,0.1212499999999999,0.1917434869739479,0.1833962264150943,,,,0.62,0.7675350701402806,0.8056603773584906,,,,0.95625,0.9869739478957916,0.9943396226415094,,,,5.755404202742036,9.339542133892085,12.761889538301048,,,
rosedene,0,Random Forest,1.9791329818754235,1.240934331155762,1.183014583719947,,,,,,,,,,,,,,,,,,,,,,,,,,,,,,,,,,,,
rosedene,0,XGBoost,2.1152679920196533,1.327986478805542,1.2494417428970337,,,,,,,,,,,,,,,,,,,,,,,,,,,,,,,,,,,,
redmere_1,0,WN-SS (ALD),6.2484448894380735,9.271555095902004,3.357188692339028,0.825,0.9145569620253164,0.964549483013294,0.95,0.9514767932489452,0.9719350073855244,1.395923659312828,2.201288812804446,1.4800698270438533,1.4344131357323031,2.246390616915636,1.5297877503244,0.0812499999999999,0.1443037974683544,0.2344460856720827,0.17375,0.1832911392405063,0.2344460856720827,0.49875,0.6508438818565401,0.689807976366322,0.755,0.75,0.7666174298375185,0.87125,0.9493670886075948,0.9719350073855244,0.96375,0.9683544303797468,0.982274741506647,4.842046723847277,8.689630602635365,11.331545965519886,7.320451213979394,10.364571625312577,12.536114470050991
redmere_1,0,WN-SS (Gaussian),6.571011006964514,9.69160437881162,3.262725665885009,0.92375,0.9588607594936708,0.9881831610044312,,,,1.4895136999325544,2.37713405789664,1.4927911605404631,,,,0.17,0.2108016877637131,0.2598966026587888,,,,0.70625,0.7985232067510548,0.8389955686853766,,,,0.945,0.9651898734177216,0.9955686853766618,,,,7.231714291137876,12.082457467026709,14.1276767323143,,,
redmere_1,0,WN-SS (beta-NLL),5.859871267668358,8.994906314470837,5.368438326752777,0.94125,0.971518987341772,0.9807976366322008,,,,18.55741485630295,33.73413817214857,7.209574891411484,,,,0.2274999999999999,0.2976793248945147,0.2887592319054652,,,,0.72875,0.7848101265822784,0.7843426883308715,,,,0.95875,0.9883966244725738,0.9926144756277696,,,,209.6768422342455,388.4051546121708,72.56418352415415,,,
redmere_1,0,WN-SS (Student-t),4.78351899378148,6.994132599846502,2.99131003091273,0.8925,0.9546413502109704,0.9867060561299852,,,,1.1826900397419438,1.9298906455706788,1.357567603359571,,,,0.14,0.1880590717299577,0.2584194977843427,,,,0.60625,0.7742616033755274,0.8478581979320532,,,,0.9225,0.9683544303797468,0.9955686853766618,,,,5.789510735713178,10.684987773448288,13.117818337335544,,,
redmere_1,0,WN-SS (mixture),5.695113872499245,8.488368484014785,2.8981630533264866,0.93,0.9672995780590716,0.9881831610044312,,,,1.3186883320602147,2.133762996315724,1.4074530350688386,,,,0.1324999999999999,0.1975527426160337,0.2310339734121123,,,,0.63625,0.8217299578059072,0.880354505169867,,,,0.95,0.9736286919831224,0.9940915805022156,,,,7.537215204488252,12.575335371713958,14.859681788224457,,,
redmere_1,0,WN-SS (+residual),5.214338673406614,7.754196927948139,3.342383647515602,0.9175,0.9725738396624471,0.9970457902511078,,,,26.553493486197745,48.7703183062066,8.368105850843856,,,,0.15,0.2443881856540084,0.2617134416543575,,,,0.5775,0.7162447257383966,0.7311669128508124,,,,0.94375,0.9852320675105484,0.998522895125554,,,,473.6988283296325,865.236819538004,145.35128832942635,,,
redmere_1,0,"WN-SS (given-diurnal, st-sp)",1.6161531600274115,1.8124047905335725,1.425256129355349,0.93875,0.981012658227848,1.0,,,,14.443696428293698,26.370406500549404,4.963191700464207,,,,0.1849999999999999,0.2739240506329113,0.3387592319054652,,,,0.665,0.8248945147679325,0.8345642540620384,,,,0.96,0.989451476793249,1.0,,,,253.77492241740177,462.53891016629314,83.96336686439712,,,
redmere_1,0,"WN-SS (given-diurnal, Wiener)",1.6161531600274115,1.8124047905335725,1.425256129355349,0.92375,0.9767932489451476,1.0,,,,24.037197293848745,44.145069972780014,7.491312292933499,,,,0.16375,0.2713502109704641,0.3269423929098966,,,,0.64125,0.8270042194092827,0.8375184638109305,,,,0.9475,0.9915611814345991,1.0,,,,427.15305217094107,780.1158817192645,132.87462307759938,,,
redmere_1,0,Neural SDE (Gaussian),1168.2348470652785,1587.162997689154,684.0480198324002,0.95375,0.9883966244725738,0.9940915805022156,,,,73.9476794636448,139.88759664818198,22.17033165071337,,,,0.2337499999999999,0.2861181434599156,0.2739881831610044,,,,0.7875,0.8818565400843882,0.9231905465288036,,,,0.9775,0.9936708860759492,1.0,,,,742.7967109210845,1378.9575354991723,224.22187321643008,,,
redmere_1,0,Neural SDE (Student-t),692.6145914335077,940.9357869892328,405.59969026220045,0.92125,0.9746835443037974,0.9867060561299852,,,,50.425961359527854,90.30468267881815,16.35134577470715,,,,0.18875,0.2570886075949367,0.2834268833087149,,,,0.6125,0.7289029535864979,0.7444608567208272,,,,0.94625,0.9883966244725738,0.9940915805022156,,,,640.2513632717579,1150.2208890900797,200.63659649573017,,,
redmere_1,0,Neural SDE (ALD),16.00632283768283,21.68524811813356,9.44769496707646,0.92125,0.9767932489451476,1.0,,,,13.377785850093932,24.479014278701587,4.607798953920123,,,,0.14875,0.2281434599156118,0.2578581979320531,,,,0.60625,0.7753164556962026,0.7961595273264401,,,,0.95375,0.990506329113924,1.0,,,,230.9830256912931,421.45302333924826,75.91821803668047,,,
redmere_1,0,mean-var (Gaussian),972.27672584226,1320.959371537135,569.2878541410386,0.93,0.9535864978902954,0.9896602658788776,,,,77.55788147919903,145.69700332622887,24.516628568762293,,,,0.23875,0.3140084388185654,0.3072821270310192,,,,0.71625,0.7890295358649789,0.7562776957163959,,,,0.94625,0.9662447257383966,0.998522895125554,,,,26.517094113818366,45.322393648028125,30.217827215905203,,,
redmere_1,0,mean-var (Student-t),38.95296056816668,52.91974850209391,22.900620120512663,0.8875,0.9535864978902954,0.9896602658788776,,,,3.849620284695988,6.797280659622641,2.12363311228302,,,,0.1362499999999999,0.1763291139240506,0.274327917282127,,,,0.59375,0.740506329113924,0.8330871491875923,,,,0.9275,0.9683544303797468,0.9955686853766618,,,,5.234874514578608,9.08421912815516,12.297154019703672,,,
redmere_1,0,mean-var (ALD),54.87250293718706,74.57350527435067,32.19009040578825,0.9025,0.9546413502109704,0.9970457902511078,,,,5.115536278459413,9.207350557071257,2.4525487781274693,,,,0.125,0.1911392405063291,0.2692171344165436,,,,0.595,0.75,0.8153618906942393,,,,0.945,0.9672995780590716,0.998522895125554,,,,5.999286816023405,10.11229978873854,12.599811378449882,,,
redmere_1,0,Analytical (Gaussian),1.6017505682597095,1.7582367076588847,1.302419152247061,0.97625,0.9873417721518988,1.0,,,,0.9035311935121352,1.2908769718107926,1.6862232084455593,,,,0.2212499999999999,0.2508016877637131,0.3086410635155096,,,,0.82125,0.8997890295358649,0.9793205317577548,,,,0.98,0.9926160337552744,1.0,,,,7.922280363602563,13.682693891092065,21.06697783785565,,,
redmere_1,0,Analytical (Student-t),1.6017505682597095,1.7582367076588847,1.302419152247061,0.75125,0.8628691983122363,0.9734121122599704,,,,0.7660054544204903,0.8852331589102445,0.7935726456961294,,,,0.1125,0.1111814345991561,0.182629246676514,,,,0.41125,0.5981012658227848,0.7666174298375185,,,,0.8025,0.8934599156118144,0.9763663220088626,,,,2.532983037857804,4.37475450606938,6.735724473298915,,,
redmere_1,0,MDN (mixture),1.753900611622244,2.373277299061275,2.5720506591316403,0.9375,0.971518987341772,0.9955686853766618,,,,1.2596655987778609,1.9760890207167616,2.1264931709321577,,,,0.17625,0.2471729957805907,0.2290989660265878,,,,0.65375,0.8481012658227848,0.9039881831610044,,,,0.96125,0.9841772151898734,1.0,,,,14.801147845016326,24.853310493797352,26.823634266722365,,,
redmere_1,0,Random Forest,1.4518737379825637,1.1885917532625394,0.8978568579405285,,,,,,,,,,,,,,,,,,,,,,,,,,,,,,,,,,,,
redmere_1,0,XGBoost,1.5228641033172607,1.2787023782730105,0.9002425074577332,,,,,,,,,,,,,,,,,,,,,,,,,,,,,,,,,,,,
redmere_2,0,WN-SS (ALD),1.9464281076050225,1.9877961139079412,1.622435540355171,0.9275,0.994934143870314,0.998803827751196,0.975,0.9979736575481256,0.998803827751196,0.9103325101221398,1.1026032916084745,1.1633634360198524,1.008105194474569,1.1977875575062902,1.2430328428659605,0.14125,0.2200506585612968,0.3330143540669856,0.19,0.2527355623100303,0.3418181818181818,0.675,0.839918946301925,0.8456937799043063,0.805,0.8986828774062816,0.8935406698564593,0.96,0.9979736575481256,0.998803827751196,0.98375,0.9989868287740628,1.0,6.866687633213587,11.223464120990522,12.23480662091782,8.926427109336947,12.58576432496702,13.45197472835414
redmere_2,0,WN-SS (Gaussian),1.8394060631717737,1.7972902132096709,1.622854174667297,0.89,0.972644376899696,0.9916267942583732,,,,0.8864988557290232,1.0272931750928431,1.0432280409153365,,,,0.12,0.186919959473151,0.2447368421052631,,,,0.6775,0.8166160081053698,0.9102870813397128,,,,0.915,0.983789260385005,0.9976076555023924,,,,5.3958570880373005,9.096246721732156,11.066322706247297,,,
redmere_2,0,WN-SS (beta-NLL),1.8339083461675256,1.7685759721983894,1.7525154266298646,0.89,0.972644376899696,0.9784688995215312,,,,0.893195053257999,1.0228316362462109,1.0809098998022484,,,,0.12,0.1855116514690983,0.2607177033492823,,,,0.66125,0.8186423505572442,0.9007177033492823,,,,0.90875,0.9797365754812564,0.9952153110047848,,,,5.449771510435733,9.23779416721061,11.086398757020966,,,
redmere_2,0,WN-SS (Student-t),1.8602748184028284,1.8478990623174096,1.8011054061771967,0.9225,0.9848024316109424,0.9952153110047848,,,,0.91660223803939,1.0952818218554548,1.1381375215228806,,,,0.1437499999999999,0.219564336372847,0.2525837320574162,,,,0.69875,0.8490374873353597,0.9246411483253588,,,,0.94375,0.9908814589665652,0.998803827751196,,,,6.749253699880093,10.943277093525616,12.176960504976542,,,
redmere_2,0,WN-SS (mixture),1.845668592442372,1.8161893278971952,1.6934449073163942,0.93625,0.9959473150962512,0.998803827751196,,,,0.9344613093872934,1.220658745025431,1.3951669533225963,,,,0.1474999999999999,0.2413272543059776,0.2850717703349282,,,,0.715,0.894630192502533,0.9688995215311004,,,,0.96875,0.9979736575481256,1.0,,,,8.08758251595497,13.770275225595258,17.06240225451771,,,
redmere_2,0,WN-SS (+residual),1.8562587497176093,1.8621854500264023,1.7675673764520754,0.9125,0.9868287740628168,0.9940191387559808,,,,0.8737035001503395,1.0396772080960774,1.1822677773641777,,,,0.12125,0.201854103343465,0.2983253588516746,,,,0.6425,0.8237082066869301,0.8301435406698564,,,,0.94375,0.993920972644377,0.9976076555023924,,,,5.996134452474303,10.060784798853,11.787485946363736,,,
redmere_2,0,"WN-SS (given-diurnal, st-sp)",1.8162580126337384,1.7512823442385812,1.6597708001313023,0.88625,0.983789260385005,0.9964114832535884,0.95625,0.9908814589665652,0.998803827751196,0.8637044328258514,0.987512996986751,1.0203761362995312,0.9478075195730192,1.0762711729255976,1.0967560110703891,0.13,0.1997872340425532,0.2955023923444976,0.18625,0.2356433637284701,0.3047368421052631,0.645,0.806484295845998,0.8313397129186603,0.77375,0.867274569402229,0.8696172248803827,0.92125,0.9908814589665652,0.998803827751196,0.975,0.9969604863221884,0.998803827751196,5.834594232544768,9.628456465656498,10.31365457720805,7.947904290379955,11.012206576858189,11.56843672529148
redmere_2,0,"WN-SS (given-diurnal, Wiener)",1.8162580126337384,1.7512823442385812,1.6597708001313023,0.96375,0.9959473150962512,1.0,,,,0.9291444998810904,1.2025509927230542,1.3204216206103232,,,,0.17125,0.2471833839918946,0.3323444976076555,,,,0.725,0.9027355623100304,0.917464114832536,,,,0.9825,0.9989868287740628,1.0,,,,8.369134368554223,13.63288354371064,15.205979322517315,,,
redmere_2,0,Neural SDE (Gaussian),1.8931921072485205,2.040114264270881,2.824634537910101,0.9175,0.9797365754812564,0.9832535885167464,,,,0.9791610997804046,1.2864403394280826,1.6718065454071993,,,,0.1525,0.2056433637284701,0.2355023923444976,,,,0.715,0.8074974670719351,0.7631578947368421,,,,0.93875,0.9898682877406282,0.9916267942583732,,,,7.146295360167976,12.231166648257451,14.833216452659173,,,
redmere_2,0,Neural SDE (Student-t),1.9482079559262904,2.1914242785699103,2.0404019782521505,0.91375,0.9868287740628168,0.9964114832535884,,,,0.9674255470278814,1.211423763772271,1.1708568177382035,,,,0.1325,0.1815906788247214,0.2638755980861244,,,,0.70125,0.8358662613981763,0.854066985645933,,,,0.94125,0.9929078014184396,0.998803827751196,,,,7.755267841517925,12.368260876301264,12.043808109575266,,,
redmere_2,0,Neural SDE (ALD),1.8823295380631369,1.8748981479690547,1.630892050299262,0.91875,0.9878419452887538,0.998803827751196,,,,0.9265613729350216,1.134247862505962,1.2072173210118384,,,,0.13625,0.2204457953394124,0.3207177033492823,,,,0.6625,0.8409321175278622,0.8456937799043063,,,,0.9525,0.993920972644377,0.998803827751196,,,,7.159716497762593,11.680256990993652,12.506356102530289,,,
redmere_2,0,mean-var (Gaussian),1.848344321464662,1.7550811001032551,1.5756513315376175,0.92875,0.9878419452887538,0.9976076555023924,,,,0.9867736006372668,1.2439018638471848,1.2746491624202714,,,,0.1475,0.204498480243161,0.2745454545454545,,,,0.73875,0.8743667679837892,0.9318181818181818,,,,0.9525,0.9969604863221884,1.0,,,,7.968916800576727,13.07266902450506,14.553065971386705,,,
redmere_2,0,mean-var (Student-t),1.807806524919313,1.744865823205887,1.6114488900927018,0.89625,0.9797365754812564,0.9940191387559808,,,,0.8989218450813307,1.0689431633622528,1.0497815883070087,,,,0.14375,0.2015906788247213,0.2722488038277512,,,,0.67625,0.8186423505572442,0.8098086124401914,,,,0.9275,0.9918946301925026,0.998803827751196,,,,6.639699427772777,10.71969262308506,10.55308483462228,,,
redmere_2,0,mean-var (ALD),1.8394235616669925,1.7608542659023405,1.570426358086232,0.93,0.9908814589665652,1.0,,,,0.8996321411062779,1.110401080463211,1.2352419724547352,,,,0.1574999999999999,0.2274062816616008,0.3211483253588517,,,,0.68,0.839918946301925,0.8325358851674641,,,,0.96375,0.9959473150962512,1.0,,,,7.0627047613677565,11.531810674098487,12.788978580663509,,,
redmere_2,0,Analytical (Gaussian),1.8203475364693564,1.7544183623394058,1.714596309600593,0.9325,0.9898682877406282,0.9940191387559808,,,,0.9900157071367292,1.2972273695601753,1.7218694640944006,,,,0.1912499999999999,0.269564336372847,0.3070334928229665,,,,0.79625,0.8915906788247214,0.958133971291866,,,,0.95,0.9918946301925026,0.9964114832535884,,,,7.775280715325846,13.655280392467525,20.587075124591877,,,
redmere_2,0,Analytical (Student-t),1.8203475364693564,1.7544183623394058,1.714596309600593,0.73125,0.8591691995947315,0.9473684210526316,,,,0.8605246945041063,0.8803599067700417,0.88562736336116,,,,0.09125,0.1019047619047618,0.1800478468899521,,,,0.52375,0.6332320162107397,0.7751196172248804,,,,0.78875,0.8834853090172239,0.9569377990430622,,,,2.498651002399624,4.388237733691704,6.615827511331181,,,
redmere_2,0,MDN (mixture),1.8436451197628363,1.7928828092371971,1.831528615243744,0.88875,0.9878419452887538,0.9964114832535884,,,,0.9176511744478026,1.0796908876100386,1.1569381236282965,,,,0.13375,0.1949848024316109,0.2599521531100478,,,,0.67625,0.7922998986828774,0.7619617224880383,,,,0.935,0.9979736575481256,0.998803827751196,,,,6.885942730676848,10.895243877255318,11.2772363697651,,,
redmere_2,0,Random Forest,1.6695871671431095,1.4762972341463076,1.2307130040852865,,,,,,,,,,,,,,,,,,,,,,,,,,,,,,,,,,,,
redmere_2,0,XGBoost,1.8483830690383911,1.589627981185913,1.3411294221878052,,,,,,,,,,,,,,,,,,,,,,,,,,,,,,,,,,,,
great_fen,0,WN-SS (ALD),1.709164447870197,1.879737167446516,1.8853293621605656,0.9175,0.9792490118577076,0.9951219512195122,0.96625,0.991106719367589,1.0,1.017204047504884,1.3678634235851634,1.7452635644704273,1.0690090943478288,1.4114024876881988,1.766482360563545,0.1587499999999999,0.2673517786561264,0.38,0.21625,0.2775889328063241,0.3885365853658536,0.6475,0.7747035573122529,0.8351219512195122,0.7825,0.8369565217391305,0.8595121951219512,0.9425,0.9901185770750988,0.9970731707317072,0.98,0.9970355731225296,1.0,8.478370129270942,13.7274902553662,17.763470306460448,10.125179355322848,14.762306683678402,18.506847067383728
great_fen,0,WN-SS (Gaussian),1.7755044832118667,1.9486367396806836,2.168316038132406,0.9175,0.9871541501976284,1.0,,,,1.072788149667706,1.4183976878477669,1.8555382542140744,,,,0.13625,0.2063636363636363,0.2626829268292683,,,,0.72125,0.8616600790513834,0.935609756097561,,,,0.94,0.9940711462450592,1.0,,,,8.616190774287096,14.646668944498265,21.89727500871333,,,
great_fen,0,WN-SS (beta-NLL),2.010845971957133,2.9798052458228907,4.387036455209295,0.9425,0.9901185770750988,0.9951219512195122,,,,1.1680605418701824,1.727863763075362,2.452203897916732,,,,0.205,0.2816600790513833,0.3617073170731707,,,,0.69375,0.7094861660079052,0.6956097560975609,,,,0.965,0.99901185770751,1.0,,,,9.349133856809695,14.949854553398849,21.129386921815755,,,
great_fen,0,WN-SS (Student-t),1.7679640529871352,2.1866333350353564,2.586193948204317,0.7075,0.8330039525691699,0.9346341463414636,,,,0.9964216844527982,1.250235863642014,1.503534714308033,,,,0.1312499999999999,0.1640316205533596,0.2295121951219512,,,,0.41125,0.5266798418972332,0.7004878048780487,,,,0.75375,0.8656126482213439,0.9521951219512196,,,,4.132516326947138,7.330806264057461,12.082934527997926,,,
great_fen,0,WN-SS (mixture),1.687695785773894,1.802256993722312,1.899684477892604,0.94375,0.9980237154150198,1.0,,,,0.9602897863739328,1.3299329903303865,1.8606048808198072,,,,0.09375,0.2173517786561264,0.307560975609756,,,,0.63125,0.8794466403162056,0.9639024390243902,,,,0.97875,1.0,1.0,,,,9.107769400272517,15.900910506201834,23.16832543493298,,,
great_fen,0,WN-SS (+residual),1.9052469013998472,2.6237227862580177,3.1592716703749915,0.94875,0.9950592885375494,1.0,,,,1.180742713395099,1.7902342478067574,2.376723193617862,,,,0.19125,0.2837549407114624,0.3680487804878048,,,,0.695,0.8023715415019763,0.8692682926829268,,,,0.9675,0.9970355731225296,1.0,,,,10.847489490250592,17.937951173434925,24.036349503495344,,,
great_fen,0,"WN-SS (given-diurnal, st-sp)",1.7031950803664475,1.7924259179355773,1.7050360898521302,0.865,0.9565217391304348,0.9902439024390244,0.945,0.9782608695652174,0.9951219512195122,0.9899990142611448,1.2544202390569907,1.5553765484466138,1.0196759532844109,1.288219679767478,1.589669771713091,0.125,0.2311462450592885,0.3070731707317073,0.1925,0.2543873517786561,0.3092682926829269,0.59125,0.7351778656126482,0.8575609756097561,0.74,0.7954545454545454,0.9034146341463416,0.91125,0.9752964426877472,0.9970731707317072,0.965,0.9871541501976284,1.0,7.004465707608031,11.7667557764491,17.017453992211962,8.598258593906182,12.78437521533135,17.67236956472586
great_fen,0,"WN-SS (given-diurnal, Wiener)",1.7031950803664475,1.7924259179355773,1.7050360898521302,0.8275,0.9456521739130436,0.9941463414634146,,,,0.9932425625214478,1.2450974965815915,1.5242596700476885,,,,0.11875,0.2091699604743083,0.2985365853658536,,,,0.5275,0.6709486166007905,0.8312195121951219,,,,0.87375,0.9634387351778656,0.9980487804878048,,,,6.54052394040348,11.171414510434929,16.19957693971948,,,
great_fen,0,Neural SDE (Gaussian),1.9503029898995443,2.863603974428495,3.909748114206669,0.9225,0.9871541501976284,0.9970731707317072,,,,1.099465791823414,1.5737502563363166,2.096607160558759,,,,0.1912499999999999,0.2601581027667984,0.3163414634146341,,,,0.675,0.7381422924901185,0.7951219512195122,,,,0.93375,0.9940711462450592,1.0,,,,8.282379478108137,13.599154727916297,19.218004940729312,,,
great_fen,0,Neural SDE (Student-t),1.907512550232048,2.371992027083943,2.9022265945773635,0.8575,0.9614624505928854,0.9951219512195122,,,,1.058922462596941,1.3794348203609104,1.7238440578744334,,,,0.1225,0.1962055335968379,0.2524390243902439,,,,0.5725,0.6640316205533597,0.7541463414634146,,,,0.89375,0.9802371541501976,0.9970731707317072,,,,6.893012945124414,11.29701272428676,15.645875950812565,,,
great_fen,0,Neural SDE (ALD),1.692970332288532,1.8651607620958428,1.824396896305021,0.8975,0.983201581027668,0.9990243902439024,,,,0.975639988411013,1.2877603066260366,1.6162543809998335,,,,0.115,0.2142292490118577,0.3131707317073171,,,,0.6125,0.7549407114624506,0.8721951219512195,,,,0.94125,0.9930830039525692,1.0,,,,7.353671495260669,12.34184430269874,16.887277228764646,,,
great_fen,0,mean-var (Gaussian),1.9421366124995485,2.736583676824177,3.451566730827939,0.90625,0.974308300395257,0.9892682926829268,,,,1.0765259428775558,1.4716957050003132,1.756088402090286,,,,0.16875,0.2099209486166008,0.2365853658536585,,,,0.63125,0.6986166007905138,0.7473170731707317,,,,0.94,0.9930830039525692,0.9980487804878048,,,,8.064186945174354,12.207734875874998,15.366143746656611,,,
great_fen,0,mean-var (Student-t),1.840367087740289,2.2506544957016805,2.7304775599992976,0.83125,0.9357707509881424,0.975609756097561,,,,1.0347039726966272,1.2969725301887205,1.6043847863875498,,,,0.09375,0.1648221343873518,0.2790243902439024,,,,0.515,0.6205533596837944,0.7365853658536585,,,,0.87875,0.9733201581027668,0.991219512195122,,,,6.050685586158651,9.762321754076735,13.650149918371582,,,
great_fen,0,mean-var (ALD),1.8100491557748208,2.198474500330057,2.504995698511168,0.89375,0.974308300395257,0.9873170731707316,,,,1.0782354288689855,1.4251590901666005,1.8239665881091065,,,,0.12,0.2048616600790513,0.2995121951219512,,,,0.57875,0.6966403162055336,0.7804878048780488,,,,0.93,0.9881422924901184,0.9980487804878048,,,,7.968354821419343,12.655523172426292,17.161579924468587,,,
great_fen,0,Analytical (Gaussian),1.6878325835716417,1.7685941294436185,1.6768808232510923,0.94375,0.9950592885375494,1.0,,,,0.9695080334687756,1.2871002788361627,1.6940097491562822,,,,0.13875,0.2111857707509881,0.2617073170731707,,,,0.74875,0.8705533596837944,0.9609756097560976,,,,0.95375,0.99901185770751,1.0,,,,7.592115638659801,13.160032148765245,20.435049793697708,,,
great_fen,0,Analytical (Student-t),1.6878325835716417,1.7685941294436185,1.6768808232510923,0.81625,0.908102766798419,0.9795121951219512,,,,0.8916212624425338,0.9950633060082972,1.0978507803977713,,,,0.0537499999999999,0.1164426877470355,0.1626829268292683,,,,0.48375,0.6492094861660079,0.7882926829268293,,,,0.8575,0.9466403162055336,0.991219512195122,,,,3.815456858717603,6.6136420011952906,10.269739513451732,,,
great_fen,0,MDN (mixture),1.7263560009486516,1.9838132507048376,2.207616365807909,0.88125,0.966403162055336,0.9941463414634146,,,,0.984589108509639,1.2315483959032314,1.4774570698782885,,,,0.0925,0.1989328063241106,0.2619512195121951,,,,0.5475,0.7401185770750988,0.8702439024390244,,,,0.92875,0.9762845849802372,1.0,,,,7.614782080663833,12.152015231856192,16.071047256315715,,,
great_fen,0,Random Forest,1.9207848233857303,1.4540133625773706,1.0348630007449862,,,,,,,,,,,,,,,,,,,,,,,,,,,,,,,,,,,,
great_fen,0,XGBoost,1.9674293994903564,1.4525339603424072,1.0598539113998413,,,,,,,,,,,,,,,,,,,,,,,,,,,,,,,,,,,,
woodwalton,1,WN-SS (ALD),1.250957957782688,2.427491594933597,5.115818943294372,0.4825,0.3753637245392822,0.2,0.94,0.8283220174587779,0.5596707818930041,0.6734236653249517,1.4145245707768013,3.260708014050418,0.695376408424141,1.2561763184839811,2.891134297209978,0.3637499999999999,0.4835305528612997,0.721440329218107,0.27375,0.2918331716779825,0.4767901234567901,0.23,0.1823472356935014,0.08559670781893,0.76125,0.5460717749757517,0.2740740740740741,0.535,0.4199806013579049,0.2263374485596707,0.95875,0.8690591658583899,0.6172839506172839,1.0019811114929615,1.6791714487622638,1.896689854249542,5.29311937455833,5.57114720416809,5.720591777872156
woodwalton,1,WN-SS (Gaussian),4.545944561568449,10.865221858749925,14.424588163864705,0.885,0.8234723569350145,0.8008230452674897,,,,2.0415056412886408,4.740244607230112,7.202291042068636,,,,0.20125,0.1492240543161979,0.0771193415637859,,,,0.66,0.5838991270611057,0.5300411522633744,,,,0.905,0.8612997090203686,0.8395061728395061,,,,11.032928193977105,19.256656992024983,28.269599148194484,,,
woodwalton,1,WN-SS (beta-NLL),2.252204185496193,4.740760780681614,6.713429780237146,0.7275,0.646944713870029,0.5670781893004115,,,,1.0901699592385208,2.369854699490354,3.757851918971476,,,,0.2324999999999999,0.2776042677012609,0.3418930041152264,,,,0.46875,0.3579049466537342,0.3069958847736626,,,,0.77125,0.6993210475266731,0.6279835390946502,,,,3.780094957002439,6.407567325284998,7.557033405506623,,,
woodwalton,1,WN-SS (Student-t),1.1846856553971772,2.4967389389453603,3.726890772481712,0.42375,0.3278370514064015,0.2658436213991769,,,,0.6511251074424209,1.3486787764957051,2.3379416232959387,,,,0.29625,0.377070805043647,0.5683539094650205,,,,0.205,0.1532492725509214,0.122633744855967,,,,0.47,0.3802133850630456,0.3053497942386831,,,,0.8114778169435449,1.364989947475706,1.6079257142415015,,,
woodwalton,1,WN-SS (mixture),1.072476175349302,1.7018320910133071,2.113442583509282,0.885,0.8739088263821533,0.8938271604938272,,,,0.543645811140092,0.9331165046611388,1.2056427163703067,,,,0.1524999999999999,0.1893598448108632,0.2459670781893004,,,,0.6425,0.6770126091173618,0.6674897119341564,,,,0.91625,0.9078564500484966,0.920164609053498,,,,4.127010432944632,7.1287440357204055,9.188599296228215,,,
woodwalton,1,WN-SS (+residual),1.1010377105619489,1.842260650632028,2.507548015387708,0.7625,0.7206595538312318,0.6707818930041153,,,,0.5462915845228838,0.9813171009443384,1.4034273235978827,,,,0.10125,0.1455577109602328,0.2324279835390946,,,,0.5075,0.4151309408341416,0.3654320987654321,,,,0.8075,0.7604267701260912,0.7119341563786008,,,,2.1494306351924317,3.6043350514364154,4.507131231634459,,,
woodwalton,1,"WN-SS (given-diurnal, st-sp)",1.0683689129650298,1.6423455968886589,1.9728182551421345,0.6975,0.6905916585838991,0.6823045267489712,0.955,0.9340446168768186,0.9160493827160494,0.5094327525976646,0.8184761408915419,1.009985702027777,0.6230374768774947,0.850836943202696,1.003397255230412,0.11,0.1239185257032007,0.1467078189300411,0.2049999999999999,0.1393889427740058,0.1203292181069959,0.45,0.4141610087293889,0.3917695473251029,0.82875,0.7002909796314258,0.6345679012345679,0.75375,0.7410281280310378,0.7448559670781894,0.965,0.9495635305528612,0.939917695473251,1.4812802431471643,2.593133369600536,3.3162632659957607,5.424015917308628,5.928339202177398,6.355508200164439
woodwalton,1,"WN-SS (given-diurnal, Wiener)",1.0683689129650298,1.6423455968886589,1.9728182551421345,0.65625,0.6023278370514064,0.6156378600823045,,,,0.5253797196969867,0.8630773102828022,1.0716315761543018,,,,0.1312499999999999,0.1649563530552861,0.1910288065843621,,,,0.42625,0.3782735208535402,0.3382716049382716,,,,0.69875,0.6585838991270611,0.6699588477366255,,,,1.4228648126153274,2.410867664916757,2.9177182829082624,,,
woodwalton,1,Neural SDE (Gaussian),1.3901451840558026,2.594123610059832,3.614470758089039,0.93375,0.9165858389912708,0.8592592592592593,,,,0.7609445867426413,1.5105833303545146,2.128918287532825,,,,0.315,0.3567507274490785,0.4374074074074074,,,,0.67875,0.4888457807953443,0.3646090534979423,,,,0.96,0.9437439379243452,0.908641975308642,,,,6.058970847100019,10.200494444684624,12.44954231087195,,,
woodwalton,1,Neural SDE (Student-t),1.1144395588086804,1.8925439166836504,3.234263909997717,0.50875,0.4432589718719689,0.2567901234567901,,,,0.5891602807458629,1.1066591044856051,2.2560676520335248,,,,0.31625,0.4388457807953443,0.6776954732510287,,,,0.27875,0.2085354025218234,0.1308641975308642,,,,0.55875,0.4878758486905916,0.2880658436213992,,,,1.105254542199895,1.8511817305712848,2.1260027270991,,,
woodwalton,1,Neural SDE (ALD),1.0911096037168335,1.8159947728489472,2.739176855071628,0.5725,0.5004849660523764,0.3925925925925926,,,,0.5800216809279267,1.09292775565054,1.8577055944040923,,,,0.2075,0.2709796314258001,0.4096296296296295,,,,0.3125,0.2851600387972842,0.2123456790123457,,,,0.6075,0.5383123181377304,0.4189300411522634,,,,1.701363941039424,2.928651795771504,3.199663462655105,,,
woodwalton,1,mean-var (Gaussian),1.0993789293854828,1.7115436202819088,1.947509135773685,0.91875,0.930164888457808,0.9670781893004116,,,,0.5630532409938764,0.9290117551334914,1.102212365129725,,,,0.1525,0.1531716779825412,0.1546502057613168,,,,0.7475,0.7187196896217265,0.7588477366255144,,,,0.93625,0.9437439379243452,0.9761316872427984,,,,4.012430441452191,6.80326825149509,9.303174721297689,,,
woodwalton,1,mean-var (Student-t),1.1752728883188257,2.089154223288102,3.2136233323901724,0.83875,0.7875848690591658,0.6732510288065844,,,,0.5815968679321373,1.0912483464531666,1.77789477461709,,,,0.26875,0.3116294859359845,0.4272016460905349,,,,0.50375,0.3957322987390883,0.3004115226337449,,,,0.8725,0.8399612027158099,0.7423868312757201,,,,2.6226843991768543,4.417454463811492,5.634996634712557,,,
woodwalton,1,mean-var (ALD),1.0577689932828749,1.6376101188731056,1.8595971386186652,0.7825,0.7749757516973812,0.8,,,,0.5033406161435283,0.8183659313512961,1.0077123025451122,,,,0.1024999999999999,0.1086129970902036,0.1991769547325103,,,,0.51625,0.4742967992240543,0.3637860082304526,,,,0.83125,0.8225024248302619,0.8600823045267489,,,,1.8283629256980487,3.174941902906136,4.2378680663658574,,,
woodwalton,1,MDN (mixture),1.0919798233903817,1.766557460798637,2.416687197211387,0.93,0.930164888457808,0.9193415637860082,,,,0.5898389033378816,1.0048738230150434,1.3630411410606715,,,,0.2275,0.2674199806013579,0.3547736625514402,,,,0.705,0.7002909796314258,0.6748971193415638,,,,0.95,0.9631425800193988,0.9629629629629628,,,,4.830153971303254,8.14099382639571,9.90466473432664,,,
woodwalton,1,Random Forest,1.6413493319120611,1.443741586819613,1.4951896493925,,,,,,,,,,,,,,,,,,,,,,,,,,,,,,,,,,,,
woodwalton,1,XGBoost,2.5333855152130127,2.1920902729034424,2.106559991836548,,,,,,,,,,,,,,,,,,,,,,,,,,,,,,,,,,,,
rosedene,1,WN-SS (ALD),1.589169686925149,1.703457488542318,2.083009913722349,0.88125,0.9639278557114228,0.9849056603773584,0.95875,0.9789579158316634,0.9905660377358492,0.7448122008022618,0.8782674188336365,1.1845578857964827,0.8342945276620998,0.962852284337894,1.246072631511581,0.1149999999999999,0.2127054108216432,0.2486792452830188,0.1962499999999999,0.2327655310621242,0.2654716981132076,0.5825,0.7635270541082164,0.8528301886792453,0.795,0.8707414829659319,0.8924528301886793,0.925,0.9789579158316634,0.9924528301886792,0.9675,0.9879759519038076,0.9962264150943396,4.503263953424291,7.673370776151704,12.210107229964912,6.811549581117927,9.274908114124631,13.257895104103492
rosedene,1,WN-SS (Gaussian),1.5481883344350855,1.8269964548947095,2.354589089064951,0.92375,0.9819639278557114,0.9924528301886792,,,,0.7475818736638924,1.026276069950397,1.4814429268054952,,,,0.1124999999999999,0.1888577154308617,0.240377358490566,,,,0.675,0.7905811623246493,0.8037735849056604,,,,0.94625,0.9879759519038076,0.9962264150943396,,,,5.312920232323463,9.36915416995097,14.508066218704476,,,
rosedene,1,WN-SS (beta-NLL),1.6384419661917793,1.7855826072243972,1.949554003523643,0.94875,0.9919839679358716,1.0,,,,0.8145770363280159,1.0792047051926057,1.450176066880582,,,,0.1575,0.2137875751503006,0.2628301886792453,,,,0.74875,0.8867735470941884,0.9471698113207548,,,,0.97625,0.99498997995992,1.0,,,,6.604412298573647,11.245610296382251,16.787210901470957,,,
rosedene,1,WN-SS (Student-t),1.563946417483867,1.632221742559694,1.924557761397248,0.85875,0.9519038076152304,0.979245283018868,,,,0.7419838648980996,0.8547777544616788,1.135567524415089,,,,0.09,0.1456112224448898,0.2594339622641509,,,,0.59,0.7525050100200401,0.8377358490566038,,,,0.88875,0.966933867735471,0.9830188679245284,,,,4.269857510916307,7.16092855141373,11.109432486455256,,,
rosedene,1,WN-SS (mixture),1.5605793264201382,1.6611083594316112,2.037003141833471,0.87875,0.9659318637274548,0.9830188679245284,,,,0.7141654877528808,0.823424637486202,1.1186218007499618,,,,0.07125,0.1618036072144288,0.25,,,,0.54875,0.7845691382765531,0.839622641509434,,,,0.9225,0.9789579158316634,0.9924528301886792,,,,4.0771426623957225,7.156275035323899,10.758374859259796,,,
rosedene,1,WN-SS (+residual),1.5746582530758315,1.7837010457803062,2.1008532490289533,0.88875,0.9609218436873748,0.9830188679245284,,,,0.7154890857665755,0.8490335732806616,1.1257864891320608,,,,0.075,0.1537274549098196,0.2175471698113208,,,,0.57625,0.7755511022044088,0.8603773584905661,,,,0.9225,0.9729458917835672,0.9905660377358492,,,,4.3478021512102565,7.418138966901612,11.413530456849356,,,
rosedene,1,"WN-SS (given-diurnal, st-sp)",1.549445544759403,1.582468611153506,1.853589362918316,0.85625,0.9519038076152304,0.9471698113207548,0.95125,0.9729458917835672,0.9622641509433962,0.7340346294526998,0.818935623981843,1.058398175370053,0.8156163552237481,0.9007679008351948,1.1135978984114523,0.1137499999999999,0.2095991983967935,0.2367924528301886,0.1974999999999999,0.234689378757515,0.2547169811320755,0.5225,0.7034068136272545,0.7943396226415095,0.78125,0.842685370741483,0.8660377358490566,0.8925,0.968937875751503,0.9641509433962264,0.965,0.9799599198396792,0.9735849056603774,3.987581072241533,6.367297832833607,9.23321700556239,6.475222232535482,8.185477736459406,10.467502325918032
rosedene,1,"WN-SS (given-diurnal, Wiener)",1.549445544759403,1.582468611153506,1.853589362918316,0.90125,0.9739478957915833,0.9924528301886792,,,,0.7279692267795979,0.8684238466981663,1.200494519417349,,,,0.14125,0.2376753507014028,0.2771698113207547,,,,0.58625,0.782565130260521,0.8452830188679246,,,,0.93625,0.9859719438877756,0.9962264150943396,,,,4.795028177909552,8.06133006783081,12.28096908494127,,,
rosedene,1,Neural SDE (Gaussian),1.7178996602713488,2.6503834515824245,3.702380684299561,0.9275,0.9579158316633266,0.9339622641509434,,,,0.8121653617615888,1.3196890398606498,1.980648402916799,,,,0.12875,0.2086973947895791,0.2588679245283019,,,,0.67625,0.6693386773547094,0.6641509433962264,,,,0.9525,0.9789579158316634,0.9679245283018868,,,,5.581328922425862,9.581798186958329,14.17271736449931,,,
rosedene,1,Neural SDE (Student-t),1.5552029472219353,1.660008564158974,1.980220619915076,0.8925,0.969939879759519,0.9905660377358492,,,,0.7414561510965362,0.9071167327092838,1.215647331132254,,,,0.1112499999999999,0.1637074148296593,0.2299999999999999,,,,0.63375,0.7895791583166333,0.8622641509433963,,,,0.9275,0.9809619238476954,0.9943396226415094,,,,4.4887319082990285,7.961351971601122,12.567710909129314,,,
rosedene,1,Neural SDE (ALD),1.5305444907773134,1.6009124086167288,1.9074494117581189,0.88875,0.969939879759519,0.9962264150943396,,,,0.7040750109441853,0.8282058823524278,1.1131630796043004,,,,0.1175,0.1976753507014028,0.2322641509433962,,,,0.59125,0.7875751503006012,0.8754716981132076,,,,0.925,0.9819639278557114,0.9981132075471698,,,,4.425236395926214,7.662376984539263,11.976308502309587,,,
rosedene,1,mean-var (Gaussian),1.5685494239475948,1.719497198160275,2.204036996583924,0.9375,0.9769539078156312,0.9943396226415094,,,,0.7987829242712562,1.0569359060587742,1.557916947927491,,,,0.14,0.2447895791583165,0.2796226415094339,,,,0.7325,0.8607214428857716,0.8547169811320755,,,,0.95,0.9869739478957916,0.9962264150943396,,,,6.18206772715738,10.622139705419409,16.240211433188392,,,
rosedene,1,mean-var (Student-t),1.5617999541876366,1.6665196616692748,1.988028971733332,0.9175,0.9759519038076152,0.9830188679245284,,,,0.7997168924871632,1.024791416636281,1.4237910925319273,,,,0.1387499999999999,0.2057715430861723,0.2758490566037735,,,,0.70375,0.8537074148296593,0.9132075471698112,,,,0.9375,0.9799599198396792,0.9905660377358492,,,,6.1132051913233,10.26689668035019,15.929549098598224,,,
rosedene,1,mean-var (ALD),1.576362232933726,1.66437175292094,2.09019338099441,0.94375,0.9849699398797596,0.9962264150943396,,,,0.774921490593682,1.0221458697940422,1.386376750255225,,,,0.15375,0.2337875751503006,0.2611320754716981,,,,0.7075,0.875751503006012,0.9113207547169812,,,,0.9675,0.9919839679358716,0.9962264150943396,,,,6.522579666459467,11.05670778906432,16.12611098935968,,,
rosedene,1,MDN (mixture),1.5576796309038548,1.6540913830886672,2.0207058753218616,0.93125,0.9729458917835672,0.9754716981132076,,,,0.7666583495904402,0.9862012066636252,1.3576547862063673,,,,0.14,0.2087575150300601,0.2456603773584905,,,,0.67875,0.8416833667334669,0.869811320754717,,,,0.94875,0.9839679358717436,0.9849056603773584,,,,5.819845398163654,9.88840390331539,14.129358492831717,,,
rosedene,1,Random Forest,1.9602763179072,1.250348267845556,1.1821353705196138,,,,,,,,,,,,,,,,,,,,,,,,,,,,,,,,,,,,
rosedene,1,XGBoost,2.1152679920196533,1.327986478805542,1.2494417428970337,,,,,,,,,,,,,,,,,,,,,,,,,,,,,,,,,,,,
redmere_1,1,WN-SS (ALD),6.280030418948411,9.37411042230158,3.0306677566370737,0.92,0.9578059071729956,0.9955686853766618,0.9675,0.9757383966244726,0.998522895125554,1.3937039723229685,2.2239505073184573,1.383374764142458,1.4544545066522847,2.282194765279048,1.4384886451829273,0.10375,0.1933755274261603,0.2775184638109306,0.1912499999999999,0.2118143459915611,0.2884194977843427,0.61,0.7552742616033755,0.8064992614475628,0.815,0.8354430379746836,0.8478581979320532,0.93625,0.9767932489451476,0.998522895125554,0.975,0.979957805907173,0.998522895125554,6.498398999908472,11.028334186541088,12.756884523638506,8.632430291513913,12.485469482339258,13.898291719430835
redmere_1,1,WN-SS (Gaussian),6.152173901316753,9.13626937759166,3.5734295855093623,0.92,0.9609704641350212,0.9911373707533236,,,,1.4516637041929967,2.362551569782129,1.7900366742954874,,,,0.19,0.2329535864978903,0.2747858197932053,,,,0.7275,0.8217299578059072,0.8212703101920237,,,,0.94,0.9736286919831224,0.9970457902511078,,,,8.267356827618555,14.1314057243705,16.916323716694173,,,
redmere_1,1,WN-SS (beta-NLL),7.373449001316156,11.091558701964722,6.020231700828372,0.90875,0.9335443037974684,0.9689807976366324,,,,1.6764685500948782,2.9342015885220345,2.4943867986843165,,,,0.20375,0.2839662447257384,0.2922895125553914,,,,0.6625,0.7246835443037974,0.6454948301329394,,,,0.93125,0.9535864978902954,0.9911373707533236,,,,7.964895656234585,13.487302723616942,15.603908555726884,,,
redmere_1,1,WN-SS (Student-t),5.716841387968744,8.529793978547868,2.936430476818104,0.88875,0.9462025316455696,0.9852289512555392,,,,1.2882766740769085,2.0410909579927865,1.296562027706213,,,,0.1212499999999999,0.1633755274261603,0.2268242245199409,,,,0.61875,0.7710970464135021,0.8124076809453471,,,,0.9175,0.9630801687763711,0.9940915805022156,,,,5.772497633674647,10.132817470717718,11.997181477047848,,,
redmere_1,1,WN-SS (mixture),3.455595739891969,4.586589073243813,3.13218186126078,0.90625,0.9683544303797468,0.9970457902511078,,,,1.0625374273652084,1.6392618778746328,1.578166235794829,,,,0.1012499999999999,0.1923206751054852,0.2931905465288035,,,,0.58625,0.7848101265822784,0.8242245199409158,,,,0.935,0.9746835443037974,0.998522895125554,,,,6.85346973582881,12.482955813233028,15.656600758704071,,,
redmere_1,1,WN-SS (+residual),5.983821327442254,8.96648374284823,3.7217491698505594,0.91875,0.9535864978902954,0.9926144756277696,,,,1.4321887164776264,2.436537182522365,1.869599458677112,,,,0.17,0.2570886075949367,0.3164992614475628,,,,0.63375,0.7478902953586498,0.7503692762186115,,,,0.945,0.9641350210970464,0.9926144756277696,,,,7.454348399114795,12.764926685634132,15.579125397874693,,,
redmere_1,1,"WN-SS (given-diurnal, st-sp)",1.6161531600274115,1.8124047905335725,1.425256129355349,0.93375,0.9926160337552744,1.0,0.9825,1.0,1.0,0.9122066869137178,1.280949288072127,1.4287267511262898,0.9642934981578594,1.3283189646600406,1.4716818301682837,0.1937499999999999,0.2823628691983122,0.3225110782865583,0.2475,0.2929535864978903,0.3317134416543574,0.69375,0.8533755274261603,0.896602658788774,0.8375,0.8924050632911392,0.9113737075332348,0.96125,1.0,1.0,0.9925,1.0,1.0,8.450003298828841,14.0667189046155,15.946815165237934,9.890809635401236,14.969985649120142,16.687538370560507
redmere_1,1,"WN-SS (given-diurnal, Wiener)",1.6161531600274115,1.8124047905335725,1.425256129355349,0.9175,0.9862869198312236,0.9970457902511078,,,,0.8734063173215347,1.2256258832118312,1.3779961957857294,,,,0.1725,0.2560759493670886,0.3336484490398818,,,,0.6425,0.830168776371308,0.8552437223042836,,,,0.94375,0.9915611814345991,0.998522895125554,,,,7.252681168308015,12.81305447701337,15.044708186653244,,,
redmere_1,1,Neural SDE (Gaussian),145.4840133681627,197.6378093714084,85.18941898063301,0.92,0.9704641350210972,0.9926144756277696,,,,8.081221610163865,15.076733003467464,3.392980394979828,,,,0.1949999999999999,0.2539662447257383,0.2995568685376661,,,,0.69875,0.8132911392405063,0.8641063515509602,,,,0.93875,0.9831223628691984,0.9955686853766618,,,,34.79124507187679,63.22891089172703,22.15035674302361,,,
redmere_1,1,Neural SDE (Student-t),1321.110750195717,1794.3447568995289,774.0238483703841,0.895,0.9546413502109704,0.9719350073855244,,,,67.84495818453897,123.99652562198796,21.119169391239183,,,,0.17125,0.2397468354430379,0.2859231905465287,,,,0.58875,0.7183544303797469,0.7725258493353028,,,,0.93375,0.9725738396624471,0.9911373707533236,,,,367.1690281871463,655.5898398922932,120.56126052842664,,,
redmere_1,1,Neural SDE (ALD),7.562829331368085,10.241167593647802,4.793860503846092,0.9175,0.9620253164556962,0.998522895125554,,,,1.4665856463461426,2.289335083876117,1.5273824985446216,,,,0.15,0.2307172995780591,0.2906942392909897,,,,0.6,0.7848101265822784,0.8079763663220089,,,,0.94,0.9683544303797468,0.998522895125554,,,,7.0074839182044375,11.7481490418757,13.729308308565788,,,
redmere_1,1,mean-var (Gaussian),55.25544575111518,75.05491301099775,32.3812499863099,0.94125,0.9662447257383966,0.9896602658788776,,,,4.71129462709907,8.213328393015164,2.590065786202818,,,,0.22,0.2677637130801688,0.2931905465288035,,,,0.7475,0.8660337552742616,0.9010339734121122,,,,0.955,0.978902953586498,0.9940915805022156,,,,15.934670744409784,25.94679653409491,17.70068187418461,,,
redmere_1,1,mean-var (Student-t),102.64567405740686,139.44336399624882,60.09411533414824,0.91375,0.9620253164556962,0.9926144756277696,,,,7.994811333295263,14.379603899946042,3.5043810092441667,,,,0.17125,0.2407594936708861,0.2759231905465288,,,,0.62125,0.7848101265822784,0.8286558345642541,,,,0.95125,0.9778481012658228,0.9970457902511078,,,,14.937712660257468,28.08913307855817,15.896244751014905,,,
redmere_1,1,mean-var (ALD),333.26613491967726,452.7390932056104,195.13956236940373,0.92,0.9651898734177216,0.998522895125554,,,,26.395455144284117,49.41647237153113,8.918243553161561,,,,0.1599999999999999,0.2534599156118143,0.3251255539143279,,,,0.635,0.79957805907173,0.8094534711964549,,,,0.94875,0.9767932489451476,0.998522895125554,,,,21.71663104501192,35.893154654675456,19.67211933663249,,,
redmere_1,1,MDN (mixture),20.761538558502338,28.138143170075463,12.211277908151567,0.9325,0.981012658227848,0.9896602658788776,,,,2.2908086582333773,3.826135901456676,2.01336416325969,,,,0.14875,0.2434599156118143,0.2458050221565731,,,,0.66,0.8544303797468354,0.8788774002954209,,,,0.95875,0.9862869198312236,1.0,,,,20.218571850627654,35.54180507192953,22.47804424165799,,,
redmere_1,1,Random Forest,1.4388389247292015,1.180818731697127,0.8903533855857181,,,,,,,,,,,,,,,,,,,,,,,,,,,,,,,,,,,,
redmere_1,1,XGBoost,1.5228641033172607,1.2787023782730105,0.9002425074577332,,,,,,,,,,,,,,,,,,,,,,,,,,,,,,,,,,,,
redmere_2,1,WN-SS (ALD),1.9679627437784208,2.3492755198539914,2.9378995101549026,0.9275,0.982776089159068,0.9748803827751196,0.9675,0.9929078014184396,0.9808612440191388,0.9673308045930944,1.3087540382987708,1.7576232035774744,1.056924593590746,1.3919065395350407,1.824380762937644,0.1725,0.2603140830800405,0.3411483253588517,0.2125,0.2643667679837893,0.3415789473684211,0.70875,0.8328267477203647,0.8205741626794258,0.79875,0.8601823708206687,0.8277511961722488,0.955,0.993920972644377,0.9832535885167464,0.98,0.9969604863221884,0.985645933014354,7.630800805742852,12.889359756994695,16.05737195024668,9.479903722479008,14.05284364042009,16.88218654108782
redmere_2,1,WN-SS (Gaussian),1.8065228659736867,1.753845456763926,2.202829132890596,0.94125,0.9929078014184396,0.9760765550239234,,,,0.942915429807252,1.1599367770154154,1.3678997331230809,,,,0.17375,0.2366565349544073,0.3010526315789473,,,,0.7625,0.8855116514690983,0.8744019138755981,,,,0.9575,0.9959473150962512,0.9784688995215312,,,,7.416140871498733,12.10862228709302,13.81454973434539,,,
redmere_2,1,WN-SS (beta-NLL),1.9443569791099435,2.041209377230016,2.1287211220228546,0.96875,0.9959473150962512,0.9952153110047848,,,,1.0768865110522396,1.471190045398779,1.759550860237177,,,,0.1887499999999999,0.2556433637284701,0.3294258373205742,,,,0.81875,0.9250253292806484,0.9461722488038278,,,,0.98125,1.0,1.0,,,,9.68400849786028,16.28263249354552,20.368036805699315,,,
redmere_2,1,WN-SS (Student-t),1.9675728381427928,2.090772933799392,2.125821033649068,0.9025,0.9746707193515703,0.971291866028708,,,,0.9496349673112836,1.202543635261052,1.3989641765613563,,,,0.1537499999999999,0.2439716312056737,0.3001913875598085,,,,0.67625,0.8115501519756839,0.8839712918660287,,,,0.94625,0.9898682877406282,0.9832535885167464,,,,7.117535512999513,11.933365190798355,15.068802012531664,,,
redmere_2,1,WN-SS (mixture),1.942731286130701,2.0178831283398635,1.898997932905863,0.945,0.9929078014184396,0.9976076555023924,,,,1.0370585373165513,1.3496371363453077,1.4962378719610123,,,,0.1725,0.2576697061803444,0.2817224880382775,,,,0.76375,0.8824721377912867,0.9605263157894736,,,,0.9675,0.9989868287740628,1.0,,,,9.659733204904944,15.593395195240126,18.0566938618706,,,
redmere_2,1,WN-SS (+residual),1.901813705189866,2.0001135991024594,2.112732960411854,0.95875,0.9959473150962512,0.9964114832535884,,,,0.9968703196403704,1.3261314081425066,1.706873875358604,,,,0.1787499999999999,0.2557750759878419,0.3036842105263158,,,,0.755,0.8844984802431611,0.8779904306220095,,,,0.97875,0.9989868287740628,1.0,,,,9.117431097015738,14.535166572586922,17.826727118874278,,,
redmere_2,1,"WN-SS (given-diurnal, st-sp)",1.8162580126337384,1.7512823442385812,1.6597708001313023,0.9525,0.9969604863221884,1.0,0.985,0.9979736575481256,1.0,0.969694351883218,1.3157164601935427,1.6375365109825106,1.0609980767486282,1.3905976498875443,1.6935779362571566,0.1937499999999999,0.2867882472137791,0.3694258373205741,0.23375,0.2989463019250253,0.3758373205741627,0.7725,0.9321175278622088,0.965311004784689,0.85375,0.939209726443769,0.9760765550239234,0.98125,0.9979736575481256,1.0,0.995,0.9989868287740628,1.0,9.069237537940962,15.438394878651444,19.39188004471896,10.630256850510836,16.377728216478406,20.0841384911366
redmere_2,1,"WN-SS (given-diurnal, Wiener)",1.8162580126337384,1.7512823442385812,1.6597708001313023,0.955,0.9959473150962512,1.0,,,,1.0361549314798215,1.3849864616786194,1.575846328726121,,,,0.1937499999999999,0.2553799392097264,0.3442105263157894,,,,0.76375,0.9027355623100304,0.9294258373205742,,,,0.9775,0.9979736575481256,1.0,,,,9.958139494509435,16.198649368746906,18.463213181385157,,,
redmere_2,1,Neural SDE (Gaussian),1.9573810437896604,2.243729974684748,2.555097345300416,0.94125,0.9898682877406282,1.0,,,,1.1054522497128372,1.4940359117476514,1.7229538289146689,,,,0.1687499999999999,0.2142350557244174,0.2757416267942584,,,,0.77875,0.8581560283687943,0.8421052631578947,,,,0.9625,0.9918946301925026,1.0,,,,9.312597972203044,15.149919883050815,17.424321056417586,,,
redmere_2,1,Neural SDE (Student-t),2.0433904820240647,2.63477704964862,3.983577656778287,0.93125,0.9787234042553192,0.985645933014354,,,,1.065456477477086,1.495745870434123,2.088706952074044,,,,0.15625,0.2081560283687943,0.1695215311004785,,,,0.71625,0.7558257345491388,0.6614832535885168,,,,0.95625,0.9888551165146908,0.992822966507177,,,,8.11708914669277,13.163323242991046,15.764738108347832,,,
redmere_2,1,Neural SDE (ALD),2.3484893644509355,3.6546837354232458,6.511631572553239,0.95625,0.9898682877406282,0.9832535885167464,,,,1.1707635637173377,1.7428248821136634,2.6307830136181103,,,,0.1837499999999999,0.2193009118541032,0.2671291866028707,,,,0.7575,0.8074974670719351,0.7368421052631579,,,,0.97125,0.994934143870314,0.998803827751196,,,,10.578351090336216,17.058190391077577,21.37028501127182,,,
redmere_2,1,mean-var (Gaussian),1.842096870187272,1.8902036628713448,2.077577132485633,0.93125,0.993920972644377,1.0,,,,1.0162580711936495,1.3046821123933652,1.3888489021411408,,,,0.1525,0.2276697061803445,0.2461722488038277,,,,0.74875,0.8611955420466059,0.8779904306220095,,,,0.95625,0.9969604863221884,1.0,,,,8.375267579655628,13.734697455318743,14.801243754832797,,,
redmere_2,1,mean-var (Student-t),1.8897176601309555,2.120251304133931,2.436648181388635,0.91125,0.9848024316109424,0.9952153110047848,,,,0.9771338812684534,1.263041949244393,1.5085434649563367,,,,0.15375,0.2180243161094225,0.2574641148325358,,,,0.6975,0.7922998986828774,0.7727272727272727,,,,0.94375,0.9929078014184396,1.0,,,,7.2443716651527215,11.70969364577121,13.58938289766231,,,
redmere_2,1,mean-var (ALD),1.8968794680689611,2.0729087743868884,2.138852018721644,0.93125,0.9929078014184396,0.9976076555023924,,,,0.9687619421628194,1.2588033551553584,1.471832261187084,,,,0.1375,0.2199594731509624,0.2694258373205742,,,,0.71,0.8693009118541033,0.901913875598086,,,,0.965,0.9979736575481256,1.0,,,,8.148434144256635,13.53085641747882,15.933037252091404,,,
redmere_2,1,MDN (mixture),1.861691484654628,2.1083575861694843,2.987538420926464,0.93125,0.9908814589665652,0.9772727272727272,,,,0.9572019076037092,1.2925312751966485,1.8128964726003929,,,,0.1699999999999999,0.2405775075987841,0.2799521531100478,,,,0.715,0.7892603850050659,0.7440191387559809,,,,0.9575,0.9959473150962512,0.9964114832535884,,,,7.746503556730224,12.893217600146052,15.96824087374732,,,
redmere_2,1,Random Forest,1.6832656078878188,1.5061845079459233,1.2516502980156683,,,,,,,,,,,,,,,,,,,,,,,,,,,,,,,,,,,,
redmere_2,1,XGBoost,1.8483830690383911,1.589627981185913,1.3411294221878052,,,,,,,,,,,,,,,,,,,,,,,,,,,,,,,,,,,,
great_fen,1,WN-SS (ALD),1.7064547498690026,1.9430034108566745,1.9000652791964403,0.825,0.9377470355731226,0.982439024390244,0.94125,0.9792490118577076,0.991219512195122,0.9710534851247572,1.1998737667171158,1.4413807030742654,1.001490748352731,1.237147232311156,1.4849040658888035,0.08375,0.1826086956521739,0.2731707317073171,0.1775,0.213399209486166,0.2782926829268292,0.55125,0.6798418972332015,0.7765853658536586,0.7425,0.7549407114624506,0.8341463414634146,0.86125,0.9624505928853756,0.991219512195122,0.96,0.9861660079051384,0.9970731707317072,5.989375847735906,9.937286477553815,13.981850385637362,8.09355059302412,11.306469058548007,14.870582757551494
great_fen,1,WN-SS (Gaussian),1.8079909618858925,2.2976133988988443,3.565189282837464,0.9325,0.9762845849802372,0.982439024390244,,,,1.0150455700019514,1.4450035428906132,2.160866313564939,,,,0.1599999999999999,0.2360869565217391,0.2241463414634146,,,,0.6825,0.7391304347826086,0.7219512195121951,,,,0.94875,0.9881422924901184,0.9882926829268291,,,,7.376490719293243,12.512593522862984,19.13430235747193,,,
great_fen,1,WN-SS (beta-NLL),2.5282516947630937,4.920729771368744,7.390474215600391,0.935,0.9140316205533596,0.8634146341463415,,,,1.3239519532333184,2.500299448324013,3.874063512892649,,,,0.27,0.3888142292490119,0.4070731707317072,,,,0.6375,0.5306324110671937,0.4478048780487805,,,,0.955,0.9456521739130436,0.9239024390243904,,,,8.953418822041712,14.77589058187006,20.278487713697118,,,
great_fen,1,WN-SS (Student-t),1.8837940645835032,2.3668807909877505,2.637892627997397,0.8025,0.9179841897233202,0.9834146341463414,,,,1.0078619756846583,1.3163540949062371,1.5618602643868884,,,,0.07625,0.1417391304347826,0.1919512195121951,,,,0.53125,0.6452569169960475,0.7785365853658537,,,,0.83625,0.9377470355731226,0.986341463414634,,,,5.846361314307664,10.327119927501982,14.739317096518306,,,
great_fen,1,WN-SS (mixture),1.690716580084644,1.796188641291815,1.7591049465780708,0.87875,0.9683794466403162,0.986341463414634,,,,0.9512590571076994,1.1831781725064,1.4079658116334417,,,,0.0537499999999999,0.1422529644268775,0.2114634146341463,,,,0.49875,0.7371541501976284,0.8634146341463415,,,,0.92875,0.982213438735178,0.9931707317073172,,,,7.127315549572463,11.996913998250903,15.714070564660355,,,
great_fen,1,WN-SS (+residual),1.7102345392313285,1.9392352250303648,2.2142036276719086,0.84625,0.9525691699604744,0.9853658536585366,,,,0.9758831858329202,1.2160855740578247,1.476665734864604,,,,0.0812499999999999,0.1591699604743083,0.2263414634146341,,,,0.5325,0.7015810276679841,0.8156097560975609,,,,0.89375,0.9644268774703556,0.9892682926829268,,,,6.381990929383784,10.615254836221016,14.414818263274322,,,
great_fen,1,"WN-SS (given-diurnal, st-sp)",1.7031950803664475,1.7924259179355773,1.7050360898521302,0.86375,0.951581027667984,0.9853658536585366,0.955,0.9812252964426876,0.9921951219512196,0.9762320020676007,1.185601840007198,1.3750641259402587,1.0101036445051383,1.2255998281399605,1.4217077392809208,0.11375,0.2163241106719367,0.2982926829268292,0.18625,0.2462450592885375,0.298780487804878,0.55,0.7233201581027668,0.8253658536585365,0.75125,0.8023715415019763,0.8780487804878049,0.9025,0.966403162055336,0.9941463414634146,0.97,0.9871541501976284,0.9960975609756098,6.715121494388672,10.82041316175384,14.397870005175106,8.624734153778292,12.062391492114088,15.22248186945261
great_fen,1,"WN-SS (given-diurnal, Wiener)",1.7031950803664475,1.7924259179355773,1.7050360898521302,0.795,0.9219367588932806,0.9717073170731708,,,,0.9875409024542854,1.1713793913036914,1.3394688327057986,,,,0.09125,0.1766798418972332,0.2665853658536585,,,,0.4975,0.6274703557312253,0.7590243902439024,,,,0.8375,0.9486166007905138,0.9795121951219512,,,,5.8313883281792505,9.602860179099736,13.054879580960767,,,
great_fen,1,Neural SDE (Gaussian),2.158961356208021,3.610743797917146,4.908496455907081,0.8575,0.91600790513834,0.9541463414634146,,,,1.0949766925222617,1.5963147909093005,1.9147500365221817,,,,0.1225,0.1665612648221344,0.1931707317073171,,,,0.56375,0.6521739130434783,0.688780487804878,,,,0.89125,0.941699604743083,0.9678048780487803,,,,6.829539965722943,10.983791143312065,13.473509290194183,,,
great_fen,1,Neural SDE (Student-t),1.77848155597428,2.5718021039125194,3.359867416350621,0.74625,0.8626482213438735,0.9404878048780488,,,,0.99389064796055,1.321116433062767,1.6712591041553155,,,,0.1074999999999999,0.1465612648221343,0.2041463414634146,,,,0.48,0.5741106719367589,0.6809756097560976,,,,0.78,0.8942687747035574,0.9648780487804878,,,,5.166670754870399,9.112572021609015,13.4088077779196,,,
great_fen,1,Neural SDE (ALD),1.6991384338062951,1.901105684915985,2.0434923306820005,0.77,0.8942687747035574,0.9404878048780488,,,,0.9725720273822732,1.14021964776692,1.3153245220279182,,,,0.0874999999999999,0.1494861660079051,0.2265853658536585,,,,0.44625,0.5563241106719368,0.6565853658536586,,,,0.8225,0.9278656126482212,0.9619512195121952,,,,5.239472785905468,8.126156900831214,10.306082628902502,,,
great_fen,1,mean-var (Gaussian),1.8672444255154832,2.585670002459529,3.408774473793436,0.8175,0.9041501976284584,0.9785365853658536,,,,1.069309687529793,1.4343804470370058,1.7028050669983696,,,,0.13375,0.1977865612648221,0.2224390243902439,,,,0.555,0.6264822134387352,0.7073170731707317,,,,0.8525,0.9347826086956522,0.9882926829268291,,,,6.886163512089289,11.408577381444564,14.490744184203264,,,
great_fen,1,mean-var (Student-t),2.106403685774122,3.3843815935440738,4.346201072419507,0.75125,0.8754940711462451,0.944390243902439,,,,1.125887554802539,1.5665087209850337,1.7835498306895232,,,,0.115,0.1705138339920948,0.1768292682926829,,,,0.47375,0.532608695652174,0.6663414634146342,,,,0.79625,0.9120553359683794,0.9648780487804878,,,,6.450411775786429,10.349793315528643,12.552853845127654,,,
great_fen,1,mean-var (ALD),1.8527950287241917,2.5693425339867098,3.1432817579287096,0.78875,0.9100790513833992,0.9570731707317072,,,,1.0377630688304351,1.329301428172413,1.557889373264644,,,,0.1024999999999999,0.1745849802371541,0.2478048780487804,,,,0.47375,0.5563241106719368,0.6478048780487805,,,,0.84,0.9397233201581028,0.977560975609756,,,,6.140417343822308,9.337163366405882,11.44346183198236,,,
great_fen,1,MDN (mixture),1.6919137836836604,1.8043984094195733,1.7781828799522412,0.84625,0.9604743083003952,0.991219512195122,,,,0.9483601027563632,1.136230582530311,1.317725756695235,,,,0.0737499999999999,0.163596837944664,0.2470731707317073,,,,0.45125,0.6739130434782609,0.8370731707317073,,,,0.89125,0.974308300395257,0.9970731707317072,,,,6.265137405332527,10.413304937157822,14.33154203850158,,,
great_fen,1,Random Forest,1.9167982389059588,1.446100919384064,1.0422288692715589,,,,,,,,,,,,,,,,,,,,,,,,,,,,,,,,,,,,
great_fen,1,XGBoost,1.9674293994903564,1.4525339603424072,1.0598539113998413,,,,,,,,,,,,,,,,,,,,,,,,,,,,,,,,,,,,
woodwalton,2,WN-SS (ALD),4.915247354293042,12.602193841011829,28.05266426427608,0.45625,0.3006789524733269,0.1893004115226337,0.74375,0.492725509214355,0.2477366255144032,2.3236408071651344,6.632239749664872,16.548772281076978,2.1936570384745595,6.39428911260213,16.28937613146003,0.5262499999999999,0.6498254122211445,0.7662139917695474,0.40625,0.5334044616876819,0.712716049382716,0.20125,0.1241513094083414,0.0773662551440329,0.48875,0.2104752667313288,0.1069958847736625,0.505,0.3705140640155189,0.2320987654320987,0.79125,0.5489815712900097,0.2823045267489712,3.3449641090985387,5.623335299167554,7.602257928130803,6.443131950024515,8.040517103895327,9.553520270372612
woodwalton,2,WN-SS (Gaussian),1.465200803838874,3.097105394696558,5.849380418203567,0.94,0.9233753637245392,0.8617283950617284,,,,0.8478670299218422,1.6985661810044983,3.101504013976513,,,,0.2225,0.2135402521823472,0.2041975308641975,,,,0.79625,0.7090203685741998,0.6329218106995885,,,,0.95875,0.9398642095053348,0.8814814814814815,,,,7.5848669299753375,13.354846880741407,16.96920286973133,,,
woodwalton,2,WN-SS (beta-NLL),1.968287825330192,5.1818893648485576,6.110779724515505,0.875,0.8176527643064986,0.7802469135802469,,,,0.8653889412449064,2.0886427970635046,2.6834835891346707,,,,0.1799999999999999,0.1908632395732299,0.2088065843621399,,,,0.6925,0.5994180407371484,0.5522633744855967,,,,0.9,0.8516003879728419,0.8139917695473251,,,,4.989030613727867,8.409406151132211,10.18211570531375,,,
woodwalton,2,WN-SS (Student-t),2.2295749820072186,5.510421512401627,13.015484474636906,0.55625,0.4616876818622696,0.3193415637860082,,,,1.1883417457360308,3.1525541149393503,8.124234446214116,,,,0.3899999999999999,0.4916973811833172,0.6388477366255144,,,,0.31,0.2230843840931134,0.1432098765432098,,,,0.59625,0.5063045586808923,0.3621399176954732,,,,2.559941745052114,4.482269121237482,6.231701862043068,,,
woodwalton,2,WN-SS (mixture),1.14493587445481,1.966713517932716,2.7990366820921118,0.9725,0.9844810863239574,0.9893004115226336,,,,0.7461873597675109,1.3901539882401794,1.9571395574547683,,,,0.23,0.2371193016488845,0.2476954732510288,,,,0.85125,0.8574199806013579,0.8518518518518519,,,,0.9825,0.9893307468477208,0.994238683127572,,,,8.409802204706704,14.811177536316944,20.25930549830321,,,
woodwalton,2,WN-SS (+residual),1.6369753178502768,3.853701567278772,5.753918898452581,0.92875,0.91270611057226,0.8082304526748971,,,,0.7619407439806397,1.6057499118232486,2.8862480468738827,,,,0.21375,0.2374199806013579,0.287119341563786,,,,0.74125,0.6789524733268671,0.5530864197530864,,,,0.9425,0.9369544131910766,0.848559670781893,,,,6.376057016666511,11.168460752839216,14.258982675708522,,,
woodwalton,2,"WN-SS (given-diurnal, st-sp)",1.0683689129650298,1.6423455968886589,1.9728182551421345,0.78875,0.7759456838021338,0.7613168724279835,0.96375,0.9379243452958292,0.937448559670782,0.5114125622215103,0.8275119025455331,1.02413397417262,0.6369620191315138,0.8790115122970988,1.0395515342867157,0.12125,0.0985838991270611,0.104156378600823,0.205,0.1616973811833171,0.142880658436214,0.5475,0.4966052376333656,0.5176954732510288,0.84875,0.7322987390882638,0.6864197530864198,0.83125,0.8157129000969933,0.8041152263374486,0.9725,0.9524733268671192,0.9506172839506172,2.190281066101976,3.782059642290615,4.897403094672249,5.746177945351227,6.651835681130941,7.408605760406442
woodwalton,2,"WN-SS (given-diurnal, Wiener)",1.0683689129650298,1.6423455968886589,1.9728182551421345,0.855,0.8583899127061105,0.891358024691358,,,,0.5118396247531533,0.8308976221279143,1.0168296778796353,,,,0.15125,0.1217943743937924,0.078559670781893,,,,0.6075,0.5984481086323957,0.5950617283950618,,,,0.8875,0.8923375363724539,0.9193415637860082,,,,2.716255954478868,4.831600767138724,6.620713528946286,,,
woodwalton,2,Neural SDE (Gaussian),1.5475186504457277,3.067654018631857,5.1388586166075845,0.96875,0.9757516973811832,0.9843621399176956,,,,0.9564748652467556,1.8067357607113457,2.7543060690170105,,,,0.3075,0.2903976721629486,0.3225514403292181,,,,0.8225,0.7633365664403492,0.7358024691358025,,,,0.9825,0.9873908826382152,0.9901234567901236,,,,9.171359639620407,16.308793714259515,23.30404747120729,,,
woodwalton,2,Neural SDE (Student-t),1.4345499490641476,2.597793201135176,4.002668710908012,0.9575,0.9757516973811832,0.9860082304526748,,,,1.0726072188273938,1.8855413922747613,2.6568109439090235,,,,0.295,0.3075557710960233,0.308641975308642,,,,0.8275,0.8244422890397672,0.8148148148148148,,,,0.97375,0.9844810863239574,0.9860082304526748,,,,11.203937991631683,19.36468309376942,25.52241385491787,,,
woodwalton,2,Neural SDE (ALD),1.9441808346775131,4.175772111784783,5.568705377734721,0.87875,0.8506304558680893,0.8551440329218107,,,,0.9382348179969192,1.9805671562718048,2.6337581259928577,,,,0.2474999999999999,0.2243743937924346,0.242798353909465,,,,0.56125,0.4626576139670223,0.4716049382716049,,,,0.91,0.9078564500484966,0.8979423868312757,,,,5.491070657575502,9.685942603222426,12.20561202142449,,,
woodwalton,2,mean-var (Gaussian),1.2312207230400372,2.192517547557016,3.1461458051189037,0.9425,0.9398642095053348,0.897119341563786,,,,0.6987480881230935,1.2264013673597696,1.7399508880003285,,,,0.1812499999999999,0.1336372453928225,0.0664609053497942,,,,0.77375,0.6595538312318138,0.5037037037037037,,,,0.955,0.9602327837051406,0.9497942386831276,,,,5.751357062797992,9.332703907247796,10.87021455772788,,,
woodwalton,2,mean-var (Student-t),1.0876160621882405,1.740772523484896,2.443315681255457,0.8825,0.8787584869059166,0.8798353909465021,,,,0.5410808215591902,0.9344226225056792,1.3826174671237348,,,,0.1099999999999999,0.1217652764306498,0.2120164609053497,,,,0.59375,0.5441319107662463,0.51440329218107,,,,0.9125,0.9233753637245392,0.931687242798354,,,,3.247767995059024,5.84722225220565,8.597105755806583,,,
woodwalton,2,mean-var (ALD),1.1121042366410294,1.8443226044661232,2.420135793171632,0.94125,0.953443258971872,0.9720164609053498,,,,0.6867962538432312,1.1867548990361836,1.4183854392967516,,,,0.18625,0.2070514064015518,0.1984362139917694,,,,0.77375,0.7943743937924346,0.7604938271604939,,,,0.955,0.9689621726479146,0.9818930041152264,,,,6.878108629859518,11.884429082342368,13.38957519848068,,,
woodwalton,2,MDN (mixture),1.078228555896408,1.6713018975617988,2.058473964842209,0.90125,0.921435499515034,0.968724279835391,,,,0.696786465370699,1.1805486545915171,1.4251725988192387,,,,0.20625,0.2245101842870999,0.2309876543209876,,,,0.75125,0.7817652764306499,0.8271604938271605,,,,0.92625,0.9398642095053348,0.9761316872427984,,,,6.398483281594236,11.49187017989279,14.523783400654793,,,
woodwalton,2,Random Forest,1.701717326269462,1.4999711982890658,1.5237198229112023,,,,,,,,,,,,,,,,,,,,,,,,,,,,,,,,,,,,
woodwalton,2,XGBoost,2.5333855152130127,2.1920902729034424,2.106559991836548,,,,,,,,,,,,,,,,,,,,,,,,,,,,,,,,,,,,
rosedene,2,WN-SS (ALD),1.5483108837238035,1.645682702940775,2.018073542683575,0.91625,0.9769539078156312,0.9679245283018868,0.97125,0.9859719438877756,0.9735849056603774,0.759759615886107,0.924302587535058,1.1816940624410794,0.8581425610668668,1.0101054432268546,1.2396140351643183,0.11125,0.2036072144288577,0.2132075471698113,0.20375,0.2307815631262525,0.2426415094339622,0.62,0.782565130260521,0.8528301886792453,0.835,0.8907815631262525,0.879245283018868,0.9425,0.9849699398797596,0.9716981132075472,0.98,0.9919839679358716,0.979245283018868,5.638358581680804,8.777568474983914,11.511103642929411,7.898873924058396,10.386699144387682,12.625493673749688
rosedene,2,WN-SS (Gaussian),1.5523892682038565,1.7339101134967403,2.495156730543453,0.96625,0.9889779559118236,0.9981132075471698,,,,0.8656405017651432,1.2317727619357932,1.7259737666584831,,,,0.20125,0.2487775551102204,0.2596226415094339,,,,0.81375,0.9118236472945892,0.8981132075471698,,,,0.9775,0.9929859719438878,1.0,,,,7.87172042509401,13.444825710064332,18.636655707764177,,,
rosedene,2,WN-SS (beta-NLL),1.5575290679519918,1.6127330453002071,1.7467016974216665,0.965,0.99498997995992,1.0,,,,0.8401314953898953,1.1252810810551277,1.4507850404428202,,,,0.18875,0.2438076152304609,0.2583018867924528,,,,0.81,0.9108216432865732,0.9452830188679244,,,,0.98,0.997995991983968,1.0,,,,7.398319884892785,12.273059852935656,16.832527796577235,,,
rosedene,2,WN-SS (Student-t),1.5428938598334705,1.5804523786118725,1.846267822855732,0.91625,0.9729458917835672,0.9943396226415094,,,,0.7851485282204294,0.9651191113444656,1.2715306773302844,,,,0.12625,0.1876953907815631,0.2160377358490566,,,,0.68625,0.8406813627254509,0.879245283018868,,,,0.94,0.9849699398797596,0.9981132075471698,,,,5.96865288777789,9.450815605908026,13.532495221603169,,,
rosedene,2,WN-SS (mixture),1.57240384700166,1.6997914149313145,2.237058209655191,0.96125,0.9929859719438878,0.9962264150943396,,,,0.8045625789785931,1.1064139991472646,1.5672667254843955,,,,0.1374999999999999,0.2438476953907815,0.2966037735849056,,,,0.725,0.906813627254509,0.9452830188679244,,,,0.9825,0.996993987975952,1.0,,,,7.6829060654109345,12.819826926089418,18.63272737066982,,,
rosedene,2,WN-SS (+residual),1.7134014909944772,2.186205070700193,3.6078928606896734,0.90875,0.9619238476953909,0.9566037735849056,,,,0.7799292360425725,1.0324772103923008,1.4896555561513274,,,,0.0725,0.1437274549098196,0.2090566037735849,,,,0.59625,0.7645290581162325,0.8603773584905661,,,,0.9425,0.9759519038076152,0.979245283018868,,,,5.535827760981512,9.212717018357267,13.210173364796868,,,
rosedene,2,"WN-SS (given-diurnal, st-sp)",1.549445544759403,1.582468611153506,1.853589362918316,0.975,0.9909819639278558,0.9981132075471698,0.985,0.9939879759519038,1.0,0.8728059199118562,1.228837639981239,1.660310021351591,0.9414142491187376,1.27429175495007,1.6850520643447071,0.20375,0.3077955911823647,0.3350943396226415,0.23875,0.3118436873747495,0.3375471698113207,0.7775,0.8987975951903807,0.9452830188679244,0.86375,0.939879759519038,0.9490566037735848,0.98,0.996993987975952,1.0,0.9925,0.996993987975952,1.0,8.562581160579807,13.987368778610426,19.59879458657132,9.640367941927163,14.646082946910468,20.026908824329947
rosedene,2,"WN-SS (given-diurnal, Wiener)",1.549445544759403,1.582468611153506,1.853589362918316,0.93125,0.9799599198396792,0.9735849056603774,,,,0.7456018312418325,0.9246481087496204,1.1935509460748583,,,,0.1474999999999999,0.234749498997996,0.2596226415094339,,,,0.61375,0.8096192384769539,0.8339622641509434,,,,0.95125,0.9839679358717436,0.981132075471698,,,,5.714881934356875,8.947190756880435,11.596451682857111,,,
rosedene,2,Neural SDE (Gaussian),1.7630094775108742,2.2446997130282145,2.928122647185937,0.97125,0.995991983967936,1.0,,,,0.9782439107421758,1.4483381677434934,1.995558690262132,,,,0.18125,0.227815631262525,0.2354716981132075,,,,0.81875,0.8947895791583166,0.8773584905660378,,,,0.985,0.995991983967936,1.0,,,,9.000010447615757,15.309202549827914,21.3098630346639,,,
rosedene,2,Neural SDE (Student-t),1.6032072009551992,1.778556400840977,2.4997632595128585,0.92875,0.9839679358717436,0.9962264150943396,,,,0.8114278005453467,1.0684968374746897,1.5060861876600908,,,,0.1275,0.1948697394789579,0.1909433962264151,,,,0.69375,0.8577154308617234,0.8566037735849057,,,,0.955,0.9909819639278558,0.9981132075471698,,,,6.272988004879093,10.819403296334665,15.781874043424176,,,
rosedene,2,Neural SDE (ALD),1.8953823092526687,2.2423455286689347,1.9897362477582148,0.9375,0.9819639278557114,0.981132075471698,,,,0.8335178624095412,1.0336740583647293,1.27486695168899,,,,0.1237499999999999,0.2127454909819639,0.2337735849056604,,,,0.63125,0.8306613226452906,0.8716981132075472,,,,0.96375,0.9859719438877756,0.9849056603773584,,,,6.1642714769467695,9.579054986237209,13.019815397547944,,,
rosedene,2,mean-var (Gaussian),1.6159516913216776,1.8163891151766371,2.277828260219382,0.99125,0.997995991983968,1.0,,,,1.1030916379550952,1.6403753007598103,2.2397849085420902,,,,0.25,0.2938877755511022,0.3116981132075471,,,,0.91625,0.966933867735471,0.9867924528301888,,,,0.995,0.997995991983968,1.0,,,,12.08170268180361,19.96346194752173,28.17596611397727,,,
rosedene,2,mean-var (Student-t),1.598018594741861,1.7991013643133515,2.7177414718691164,0.9725,0.996993987975952,1.0,,,,0.8924905283836208,1.2833909249170856,1.906234688377516,,,,0.21625,0.2727655310621242,0.2824528301886793,,,,0.79,0.8777555110220441,0.879245283018868,,,,0.985,0.996993987975952,1.0,,,,8.44558771399688,13.97854459332022,20.66290751139369,,,
rosedene,2,mean-var (ALD),1.5712463122640827,1.7416010338370735,2.4663832667400976,0.97875,0.99498997995992,0.9981132075471698,,,,0.9459219000519244,1.402541662853091,2.036497062115369,,,,0.2024999999999999,0.2708416833667334,0.301132075471698,,,,0.78,0.9228456913827656,0.960377358490566,,,,0.98875,0.996993987975952,1.0,,,,10.446247431125023,16.93107450483535,24.36432981074559,,,
rosedene,2,MDN (mixture),1.6893494032534804,2.038122080005909,2.8009050205502173,0.97875,0.9929859719438878,0.9905660377358492,,,,0.8762736012486766,1.2905832130103356,1.932753477395157,,,,0.1575,0.2218837675350702,0.2390566037735849,,,,0.75875,0.8857715430861723,0.8886792452830189,,,,0.99125,0.99498997995992,0.9924528301886792,,,,8.695062066892627,14.592875112097092,21.712339978504858,,,
rosedene,2,Random Forest,1.951219492737761,1.234774526714313,1.174704737632695,,,,,,,,,,,,,,,,,,,,,,,,,,,,,,,,,,,,
rosedene,2,XGBoost,2.1152679920196533,1.327986478805542,1.2494417428970337,,,,,,,,,,,,,,,,,,,,,,,,,,,,,,,,,,,,
redmere_1,2,WN-SS (ALD),6.544595137280574,9.663213065295484,3.354019554003845,0.91625,0.9525316455696202,0.9911373707533236,0.96625,0.9651898734177216,0.9896602658788776,1.4968496073698765,2.382327796108814,1.5865307932954926,1.5604608652293197,2.439558219275449,1.6333288801930317,0.14625,0.2296624472573839,0.2779763663220088,0.21125,0.2481434599156118,0.2886558345642541,0.62125,0.7774261603375527,0.7621861152141802,0.8125,0.8386075949367089,0.8316100443131462,0.9375,0.9662447257383966,0.9940915805022156,0.975,0.9757383966244726,0.9940915805022156,8.371672847852341,13.54082350995596,13.83307951833761,10.283208494749852,14.798805965142094,15.000421563548034
redmere_1,2,WN-SS (Gaussian),7.3021777338667535,10.656756108568956,4.496626445725723,0.92625,0.95042194092827,0.946824224519941,,,,88.07561649236422,160.92564904762642,27.63003182922296,,,,0.20375,0.2792405063291139,0.3027474150664697,,,,0.6825,0.7753164556962026,0.7488921713441654,,,,0.94,0.9662447257383966,0.964549483013294,,,,1009.3455330971536,1876.138622964484,296.66535396004105,,,
redmere_1,2,WN-SS (beta-NLL),5.761170401172713,8.67034826706724,4.194965404965083,0.92125,0.9662447257383966,0.9778434268833088,,,,89.60678187873262,163.5205537822973,27.927750231002285,,,,0.1924999999999999,0.2550210970464135,0.2751255539143279,,,,0.7275,0.8491561181434599,0.8345642540620384,,,,0.94,0.9767932489451476,0.9896602658788776,,,,1027.6855298598923,1908.5442519833243,302.33584088231083,,,
redmere_1,2,WN-SS (Student-t),5.754971792570632,8.608486354950589,3.322276267547412,0.9075,0.9609704641350212,0.9807976366322008,,,,37.198452264964,68.06013055666124,12.23788111123587,,,,0.155,0.2286919831223628,0.2075184638109305,,,,0.6475,0.810126582278481,0.8419497784342689,,,,0.9275,0.9725738396624471,0.983751846381093,,,,577.0647928158849,1032.0458963840526,183.05274540377965,,,
redmere_1,2,WN-SS (mixture),5.716172689512684,8.564803666739582,2.9154231965383577,0.91875,0.9683544303797468,0.998522895125554,,,,1.3205841786115184,2.15118158325179,1.4182271493094538,,,,0.11375,0.1786075949367088,0.2539881831610044,,,,0.62625,0.8185654008438819,0.9217134416543574,,,,0.94125,0.9778481012658228,0.998522895125554,,,,6.736872749509289,12.29176825362293,15.56063191577506,,,
redmere_1,2,WN-SS (+residual),6.349383964886309,9.413983559171758,3.039436585974334,0.9,0.9630801687763711,0.9970457902511078,,,,18.80628434265165,34.43347279264357,6.242097111470752,,,,0.145,0.2397468354430379,0.2937666174298375,,,,0.62,0.7763713080168776,0.7828655834564254,,,,0.9325,0.979957805907173,1.0,,,,331.6210065450109,605.7199106037757,105.9462047936348,,,
redmere_1,2,"WN-SS (given-diurnal, st-sp)",1.6161531600274115,1.8124047905335725,1.425256129355349,0.91125,0.969409282700422,0.9955686853766618,,,,42.4745270736218,78.28990266262146,12.422342906806229,,,,0.16375,0.2660337552742616,0.2969423929098966,,,,0.5925,0.7943037974683544,0.8050221565731167,,,,0.94,0.9831223628691984,0.998522895125554,,,,760.9037355797662,1390.4218722134335,226.8797192341005,,,
redmere_1,2,"WN-SS (given-diurnal, Wiener)",1.6161531600274115,1.8124047905335725,1.425256129355349,0.92625,0.9778481012658228,1.0,,,,0.8733477440670154,1.2053899589079486,1.3790358875080984,,,,0.1712499999999999,0.2591983122362869,0.3339881831610044,,,,0.63375,0.8048523206751055,0.8537666174298375,,,,0.94875,0.9831223628691984,1.0,,,,7.4010157134127805,12.254617854555132,14.94302513073783,,,
redmere_1,2,Neural SDE (Gaussian),97.38090997453196,132.23296942549032,57.09950308763503,0.90875,0.9514767932489452,0.9734121122599704,,,,8.604286634909618,15.756169434655837,3.802204446815381,,,,0.19,0.2518565400843882,0.2964844903988183,,,,0.71125,0.8291139240506329,0.8257016248153619,,,,0.9325,0.959915611814346,0.9852289512555392,,,,7.662099147052969,12.975248623017285,15.110636502022311,,,
redmere_1,2,Neural SDE (Student-t),988.7815665492152,1343.3096876148534,578.9923868962709,0.89125,0.95042194092827,0.9630723781388478,,,,67.89508723765161,121.50122782099584,21.638610045617344,,,,0.1962499999999999,0.2770464135021097,0.3177400295420974,,,,0.6275,0.740506329113924,0.7355982274741507,,,,0.92,0.9662447257383966,0.964549483013294,,,,837.9964709049917,1490.5715660694143,262.3165445275858,,,
redmere_1,2,Neural SDE (ALD),226.66798321203007,307.8658185064671,132.84305732439617,0.92625,0.971518987341772,0.998522895125554,,,,34.51283757907296,62.445516494150894,10.51551574169309,,,,0.15375,0.2466244725738396,0.3214918759231905,,,,0.6175,0.7689873417721519,0.793205317577548,,,,0.9475,0.978902953586498,1.0,,,,640.5896487566421,1170.6379979846129,193.09212863803555,,,
redmere_1,2,mean-var (Gaussian),204.1636442684048,277.36880845753666,119.52643872923387,0.925,0.9535864978902954,0.9881831610044312,,,,18.1756377967199,33.28352073830333,8.458926655693608,,,,0.225,0.2950632911392405,0.3158050221565731,,,,0.745,0.8649789029535865,0.8862629246676514,,,,0.9425,0.9630801687763711,0.9955686853766618,,,,40.66847253182088,68.93281281363053,50.922449184727455,,,
redmere_1,2,mean-var (Student-t),333.5658799894304,453.179208793718,195.28428263016215,0.90125,0.9662447257383966,0.9955686853766618,,,,28.08735111576201,52.012630490036514,11.116385937179157,,,,0.1825,0.259746835443038,0.2781979320531758,,,,0.645,0.8090717299578059,0.8641063515509602,,,,0.93125,0.971518987341772,0.998522895125554,,,,43.9507420422826,77.62324998999871,51.40647934590585,,,
redmere_1,2,mean-var (ALD),41.53323212424976,56.35439306536015,24.337341971526023,0.92,0.9704641350210972,0.9955686853766618,,,,3.5603695793806525,6.063454891273,2.057165863684079,,,,0.14125,0.2381856540084388,0.2788774002954209,,,,0.61375,0.8006329113924051,0.8537666174298375,,,,0.9475,0.9841772151898734,0.998522895125554,,,,16.9965762265143,27.590513814556637,15.786604000521242,,,
redmere_1,2,MDN (mixture),20.2163124112177,27.409171057283697,11.843345411503757,0.9425,0.981012658227848,0.9970457902511078,,,,3.7815505447647513,6.618331394746556,3.980928281334221,,,,0.12875,0.2281856540084388,0.240576070901034,,,,0.62375,0.8523206751054853,0.896602658788774,,,,0.96375,0.9936708860759492,1.0,,,,42.413659787280245,75.73068734475633,51.99695279046375,,,
redmere_1,2,Random Forest,1.44126747976537,1.2073075072737351,0.8806437196514335,,,,,,,,,,,,,,,,,,,,,,,,,,,,,,,,,,,,
redmere_1,2,XGBoost,1.5228641033172607,1.2787023782730105,0.9002425074577332,,,,,,,,,,,,,,,,,,,,,,,,,,,,,,,,,,,,
redmere_2,2,WN-SS (ALD),1.8545221834895016,1.9216943132404407,1.7577524923065952,0.94375,0.994934143870314,1.0,0.985,0.9989868287740628,1.0,0.9873627892671292,1.3525574748332725,1.5826012998491217,1.0820269446524688,1.4352449235136375,1.6493489440756608,0.175,0.2708409321175278,0.343444976076555,0.21875,0.2800911854103343,0.3461722488038278,0.74625,0.9027355623100304,0.9389952153110048,0.845,0.9290780141843972,0.9461722488038278,0.96875,0.9979736575481256,1.0,0.99375,0.9989868287740628,1.0,9.167301135037793,15.652022883981434,18.50844087567198,10.95547886765504,16.718875356750765,19.33857830342921
redmere_2,2,WN-SS (Gaussian),1.834942176545477,1.8243580634135423,1.792206275656408,0.92875,0.9888551165146908,1.0,,,,0.9652898000347236,1.225850323631871,1.3388113017472592,,,,0.1637499999999999,0.2396960486322188,0.2874641148325358,,,,0.75625,0.8865248226950354,0.9354066985645934,,,,0.95,0.9989868287740628,1.0,,,,7.5995599528374145,12.70998177503244,15.28001985111804,,,
redmere_2,2,WN-SS (beta-NLL),1.8665552176699465,1.7906048925147235,1.6609463870085517,0.93,0.9898682877406282,0.9964114832535884,,,,0.9869739843744488,1.2411896952921244,1.311468670745756,,,,0.16,0.2338804457953394,0.2702870813397129,,,,0.7475,0.8814589665653495,0.9593301435406698,,,,0.94875,0.9929078014184396,0.9976076555023924,,,,7.79012371086236,12.901832198835493,15.134126606929383,,,
redmere_2,2,WN-SS (Student-t),1.7997933087859896,1.7410099983161558,2.0089942862883743,0.93375,0.9918946301925026,0.9808612440191388,,,,1.0505440795675178,1.4434297466177628,1.8102439222924924,,,,0.18625,0.2399594731509624,0.2719138755980861,,,,0.775,0.9118541033434652,0.9294258373205742,,,,0.96125,0.9959473150962512,1.0,,,,9.8834808537825,17.04345246828647,20.8425144930027,,,
redmere_2,2,WN-SS (mixture),1.830831725588297,1.809995933867831,1.879714538405798,0.91,0.9868287740628168,0.9940191387559808,,,,0.8746870351431701,1.080097442563908,1.339030035206319,,,,0.0949999999999999,0.1842350557244174,0.2626794258373205,,,,0.615,0.8166160081053698,0.8971291866028708,,,,0.9575,0.993920972644377,0.998803827751196,,,,6.891620148597284,11.755145972065076,15.046469181686923,,,
redmere_2,2,WN-SS (+residual),1.7830253847983044,1.7653575342329029,1.6787463357275652,0.9175,0.9918946301925026,0.998803827751196,,,,0.854252973183042,1.036808910414045,1.1239523224213208,,,,0.1325,0.1986828774062816,0.2502392344497608,,,,0.655,0.8166160081053698,0.8169856459330144,,,,0.95,0.994934143870314,0.998803827751196,,,,6.334198032895103,10.502155684041314,11.423098328065253,,,
redmere_2,2,"WN-SS (given-diurnal, st-sp)",1.8162580126337384,1.7512823442385812,1.6597708001313023,0.92,0.994934143870314,0.998803827751196,0.96625,0.9979736575481256,1.0,0.9370069357595116,1.1586375423713946,1.2114647868942976,1.014023330025901,1.234216969085145,1.2739591503807626,0.1599999999999999,0.2467882472137791,0.3302870813397129,0.2024999999999999,0.2699594731509624,0.3386602870813397,0.68875,0.8642350557244174,0.8767942583732058,0.80625,0.900709219858156,0.8971291866028708,0.945,0.9969604863221884,1.0,0.98375,0.9979736575481256,1.0,7.81164161815727,12.8431212853478,13.267981395635164,9.507525516578928,13.931823781185535,14.214072085004387
redmere_2,2,"WN-SS (given-diurnal, Wiener)",1.8162580126337384,1.7512823442385812,1.6597708001313023,0.94625,0.9959473150962512,0.9976076555023924,,,,0.9146944533595444,1.1815212076562185,1.3438469877494137,,,,0.17125,0.2430901722391084,0.3351674641148325,,,,0.72375,0.8875379939209727,0.9389952153110048,,,,0.9725,0.9969604863221884,1.0,,,,7.867629247071687,13.246361410872977,15.33469088479306,,,
redmere_2,2,Neural SDE (Gaussian),1.8204366459799657,1.8705676148642647,1.926082115550416,0.9125,0.982776089159068,0.9952153110047848,,,,1.0232842855485391,1.2916426945609767,1.2777161498546037,,,,0.18,0.2182877406281661,0.290622009569378,,,,0.7275,0.8348530901722391,0.854066985645933,,,,0.9375,0.9929078014184396,0.998803827751196,,,,8.183537557875738,13.021898465315228,13.146256793676272,,,
redmere_2,2,Neural SDE (Student-t),1.926364519431528,1.997726945719961,1.7356047227372091,0.89625,0.9848024316109424,0.998803827751196,,,,0.8883676629341892,1.0952516770841632,1.103164291251817,,,,0.1149999999999999,0.1847619047619048,0.2598564593301435,,,,0.64875,0.8085106382978723,0.917464114832536,,,,0.93625,0.994934143870314,1.0,,,,6.418227169228251,11.366486780480937,12.65027952225941,,,
redmere_2,2,Neural SDE (ALD),1.870197229091212,1.9435337604875629,1.7720415748763618,0.875,0.9696048632218844,0.9880382775119616,,,,0.9199326120560812,1.1215066731070824,1.1428400868484152,,,,0.13,0.1951165146909828,0.3127751196172249,,,,0.625,0.7689969604863222,0.777511961722488,,,,0.925,0.9848024316109424,0.9964114832535884,,,,6.412138667359482,10.494607822358866,10.799674995475266,,,
redmere_2,2,mean-var (Gaussian),1.8544848770002549,1.8250212550248408,1.757920035541784,0.89625,0.9817629179331308,0.9964114832535884,,,,0.9772910442386872,1.1973193644632163,1.1959971074886524,,,,0.16625,0.2158662613981763,0.3098564593301435,,,,0.69125,0.8135764944275583,0.8648325358851675,,,,0.92375,0.9898682877406282,1.0,,,,6.9557176435492,11.574051140626212,12.51683813066146,,,
redmere_2,2,mean-var (Student-t),1.8293078756305083,1.890634168630074,1.861488213945103,0.87875,0.9645390070921984,0.986842105263158,,,,0.8897038885967372,1.0829757892282423,1.031108425871368,,,,0.0975,0.1618135764944275,0.2326794258373206,,,,0.63125,0.7710233029381965,0.8289473684210527,,,,0.9075,0.9797365754812564,0.9940191387559808,,,,6.2222238447307605,10.280820935379651,9.879019342402094,,,
redmere_2,2,mean-var (ALD),1.8448752646535165,1.838818818026176,1.5415898376473631,0.90375,0.982776089159068,0.998803827751196,,,,0.9075082129638264,1.104784496651021,1.0720612038302937,,,,0.1449999999999999,0.201854103343465,0.2920095693779904,,,,0.64625,0.8044579533941236,0.8576555023923444,,,,0.9425,0.9898682877406282,0.998803827751196,,,,6.739072447537909,10.92954360449077,11.322734024976358,,,
redmere_2,2,MDN (mixture),1.8173344801825533,1.7669602567636085,1.5714044697546217,0.91125,0.9959473150962512,0.9976076555023924,,,,0.8819243896693814,1.0481685827621994,1.0863602222406243,,,,0.10375,0.1881560283687943,0.2594258373205741,,,,0.6325,0.8429584599797366,0.9330143540669856,,,,0.95,0.9959473150962512,0.9976076555023924,,,,6.975971350622538,11.564957769743891,12.64239741039226,,,
redmere_2,2,Random Forest,1.69318464786784,1.4939040538985109,1.244083567558015,,,,,,,,,,,,,,,,,,,,,,,,,,,,,,,,,,,,
redmere_2,2,XGBoost,1.8483830690383911,1.589627981185913,1.3411294221878052,,,,,,,,,,,,,,,,,,,,,,,,,,,,,,,,,,,,
great_fen,2,WN-SS (ALD),1.7838659178223075,2.1293420111695425,2.222843334044358,0.88375,0.9644268774703556,0.9941463414634146,0.96375,0.9881422924901184,0.9980487804878048,1.0128838721785494,1.3391650149906622,1.6036341171332755,1.0544319977548628,1.3831722846779937,1.648004342995298,0.12375,0.2059683794466403,0.238780487804878,0.19625,0.2426482213438735,0.2595121951219512,0.57625,0.7144268774703557,0.8380487804878048,0.745,0.7895256916996047,0.8741463414634146,0.9175,0.982213438735178,0.9960975609756098,0.97375,0.991106719367589,0.9990243902439024,7.181224767838139,11.870185185208722,16.04164066887701,8.986392166512086,13.02915381661546,16.86674975575688
great_fen,2,WN-SS (Gaussian),1.9286000369847465,2.737549081302425,4.025225131007837,0.8925,0.949604743083004,0.928780487804878,,,,1.0301932243920064,1.4914020203748688,2.1854182474295034,,,,0.15875,0.2557312252964427,0.3351219512195122,,,,0.63875,0.6897233201581028,0.6341463414634146,,,,0.91375,0.9713438735177866,0.9639024390243902,,,,6.888027754044159,11.241011494444496,15.151499054858778,,,
great_fen,2,WN-SS (beta-NLL),1.9058190617176327,2.668948314525057,3.7022654667672046,0.88625,0.9703557312252964,0.991219512195122,,,,1.0448150181974578,1.4918529004427277,2.0728386565675314,,,,0.18375,0.2978260869565217,0.4217073170731708,,,,0.61125,0.6590909090909091,0.5980487804878049,,,,0.915,0.982213438735178,0.9970731707317072,,,,7.248714981785976,12.13966141342638,16.778376900992015,,,
great_fen,2,WN-SS (Student-t),1.798951035814218,2.2583165613470646,2.786458558913893,0.88125,0.9762845849802372,0.9990243902439024,,,,1.0084962572757,1.338710475810852,1.7688577310787623,,,,0.1175,0.1899209486166007,0.2536585365853658,,,,0.62,0.7351778656126482,0.8458536585365853,,,,0.9025,0.984189723320158,1.0,,,,7.198572777259395,12.157733390227383,17.89673062469283,,,
great_fen,2,WN-SS (mixture),1.7354972263954211,2.186632292041635,3.332842927458489,0.8975,0.9792490118577076,0.977560975609756,,,,0.9831215410611566,1.363361121880743,2.0876530509047937,,,,0.0574999999999999,0.1390909090909091,0.1536585365853658,,,,0.50875,0.7045454545454546,0.7092682926829268,,,,0.95125,0.9881422924901184,0.9882926829268291,,,,7.65391450412292,12.9535091852622,18.337116309760543,,,
great_fen,2,WN-SS (+residual),1.704785801880456,1.9124808097409105,1.888478551732993,0.8075,0.9446640316205532,0.991219512195122,,,,0.9523419454809608,1.163133742290911,1.4233118774564255,,,,0.08125,0.1697628458498024,0.2575609756097561,,,,0.475,0.6116600790513834,0.8273170731707317,,,,0.85375,0.967391304347826,0.9951219512195122,,,,5.289602039341815,9.051453859014842,14.1971503054267,,,
great_fen,2,"WN-SS (given-diurnal, st-sp)",1.7031950803664475,1.7924259179355773,1.7050360898521302,0.775,0.8804347826086957,0.9717073170731708,0.93375,0.9733201581027668,0.9882926829268291,0.9351030210119728,1.0608883303955676,1.1776912713951158,0.9407998874613692,1.0855374651398322,1.227423306439251,0.10875,0.1588932806324111,0.2299999999999999,0.16,0.2014229249011858,0.2365853658536585,0.4425,0.5681818181818182,0.7258536585365853,0.7,0.708498023715415,0.8117073170731708,0.8225,0.9258893280632412,0.9804878048780488,0.9525,0.9812252964426876,0.9921951219512196,4.447145508373621,7.362585904530577,10.802015341246635,6.785691959120332,9.021656893992157,12.018252912926965
great_fen,2,"WN-SS (given-diurnal, Wiener)",1.7031950803664475,1.7924259179355773,1.7050360898521302,0.8675,0.9575098814229248,0.9892682926829268,,,,0.9702677846863216,1.1907777809168374,1.428124319627759,,,,0.1,0.2073122529644269,0.2763414634146341,,,,0.5425,0.6837944664031621,0.8253658536585365,,,,0.90625,0.982213438735178,0.9951219512195122,,,,6.448758305059744,10.534660441854696,14.639320441747946,,,
great_fen,2,Neural SDE (Gaussian),1.7346851503375311,2.132337367277249,2.560510595866924,0.86875,0.9634387351778656,0.9941463414634146,,,,0.9788856800718948,1.2776529722964232,1.6175062580447863,,,,0.12375,0.1501185770750988,0.1863414634146341,,,,0.6375,0.7065217391304348,0.8058536585365854,,,,0.89,0.9772727272727272,0.9970731707317072,,,,6.59675541438628,10.861369454252936,15.604780164893803,,,
great_fen,2,Neural SDE (Student-t),1.715371919545248,1.9256969558181745,2.2034813957716604,0.8525,0.9693675889328064,0.9892682926829268,,,,0.9405330606757454,1.1532832325872246,1.405479829927203,,,,0.0924999999999999,0.1698814229249011,0.2290243902439024,,,,0.57,0.7114624505928854,0.8097560975609757,,,,0.895,0.9812252964426876,0.9951219512195122,,,,5.991686979463091,10.052341184386313,13.522188339069483,,,
great_fen,2,Neural SDE (ALD),1.7163218160212632,2.010208033778528,2.110018610386448,0.89,0.966403162055336,0.9921951219512196,,,,0.9859149102183338,1.2772635825060334,1.536192633567202,,,,0.11,0.1962055335968379,0.2785365853658537,,,,0.58875,0.7312252964426877,0.8292682926829268,,,,0.9175,0.984189723320158,0.9960975609756098,,,,7.372657523866742,11.89735525768,15.27799286532002,,,
great_fen,2,mean-var (Gaussian),1.7136017944406108,1.9096007501148609,1.8721720863916225,0.785,0.9011857707509882,0.984390243902439,,,,0.940023000832884,1.1177821202990947,1.3448913296644969,,,,0.08,0.1491699604743083,0.2273170731707317,,,,0.49125,0.633399209486166,0.8136585365853658,,,,0.8225,0.932806324110672,0.9902439024390244,,,,4.568384193426929,8.02748892222947,13.720160094869026,,,
great_fen,2,mean-var (Student-t),1.693162419244992,1.8741649056251952,1.916932381869256,0.75,0.8982213438735178,0.9736585365853658,,,,0.9265339610882376,1.0800209223904171,1.256008581331402,,,,0.1024999999999999,0.1333201581027667,0.2129268292682927,,,,0.4775,0.6007905138339921,0.7551219512195122,,,,0.8,0.9298418972332017,0.986341463414634,,,,4.218931455813813,7.490715855409725,11.707771258344508,,,
great_fen,2,mean-var (ALD),1.6777337418074152,1.8118888209576167,1.7864397279955706,0.80625,0.9150197628458498,0.9736585365853658,,,,0.931672182320373,1.0776790146766158,1.2168052559643154,,,,0.0837499999999999,0.1434387351778656,0.2173170731707316,,,,0.4625,0.6057312252964426,0.775609756097561,,,,0.85,0.9436758893280632,0.9882926829268291,,,,4.941045694292057,7.935279836561603,11.242898841938771,,,
great_fen,2,MDN (mixture),1.6903255030367643,1.80341459448812,1.7508214506681583,0.775,0.9090909090909092,0.9736585365853658,,,,0.9152170206522512,1.0110211004940348,1.1028606836082604,,,,0.1112499999999999,0.1020158102766798,0.1765853658536585,,,,0.35875,0.567193675889328,0.7482926829268293,,,,0.83625,0.9446640316205532,0.9873170731707316,,,,4.393887384954606,7.414267177331415,10.449393256487642,,,
great_fen,2,Random Forest,1.918370873836094,1.4498738006682643,1.0453202417306573,,,,,,,,,,,,,,,,,,,,,,,,,,,,,,,,,,,,
great_fen,2,XGBoost,1.9674293994903564,1.4525339603424072,1.0598539113998413,,,,,,,,,,,,,,,,,,,,,,,,,,,,,,,,,,,,
woodwalton,3,WN-SS (ALD),1.9654548873940705,4.648690802807043,9.677630966146316,0.50875,0.4277400581959263,0.2592592592592592,0.9,0.7643064985451018,0.5901234567901235,0.9659723985294648,2.3079103284727984,5.059531292437889,0.9698616349487676,2.19220500232551,4.80918176126973,0.365,0.4595150339476236,0.6652263374485596,0.3225,0.3478564500484965,0.4726748971193415,0.29625,0.2589718719689621,0.1037037037037037,0.705,0.521823472356935,0.2864197530864197,0.55625,0.4616876818622696,0.2995884773662551,0.935,0.8050436469447139,0.6419753086419753,2.6121636722404507,4.563230818983033,4.879425745703924,6.290799401773139,7.702136178174491,7.997444607470138
woodwalton,3,WN-SS (Gaussian),6.48766012762584,16.96782171683884,39.9575960964798,0.195,0.0766246362754607,0.0123456790123456,,,,3.6202668634762873,10.442526305216834,27.31151236984169,,,,0.745,0.8742774005819592,0.965432098765432,,,,0.0675,0.0271580989330746,0.0016460905349794,,,,0.23,0.098933074684772,0.0172839506172839,,,,1.5505034657400103,2.5993314215908,3.1117575401239432,,,
woodwalton,3,WN-SS (beta-NLL),2.530821441339945,6.481327557825379,12.50186769115977,0.3125,0.1930164888457808,0.1193415637860082,,,,1.341838851947382,3.618324245975269,7.143929638260972,,,,0.5525,0.6752085354025219,0.7648148148148147,,,,0.12375,0.0678952473326867,0.0543209876543209,,,,0.35875,0.2356935014548981,0.1497942386831275,,,,1.5462009963560848,2.709705378379669,2.849893967267662,,,
woodwalton,3,WN-SS (Student-t),2.7098072480666078,6.80992517868531,12.770164076525758,0.21875,0.1561590688651794,0.0666666666666666,,,,1.4595482929088135,3.927349023441992,8.274625847186384,,,,0.6637500000000001,0.7595247332686712,0.8912345679012346,,,,0.08875,0.0601357904946653,0.0156378600823045,,,,0.255,0.1726479146459748,0.0765432098765432,,,,1.4532769465390591,2.448562284165164,2.4870930701862144,,,
woodwalton,3,WN-SS (mixture),1.3769612076049584,3.150800465784352,6.578423742003167,0.7575,0.6508244422890398,0.4979423868312757,,,,0.7018975321067397,1.6273176594726633,3.7058570998815576,,,,0.3249999999999999,0.3429679922405431,0.5423045267489712,,,,0.38125,0.3588748787584869,0.2139917695473251,,,,0.805,0.7070805043646945,0.5646090534979424,,,,3.5834963294379407,6.546446550169201,8.199427322977117,,,
woodwalton,3,WN-SS (+residual),1.1403531499746526,1.8074330476837657,2.6125610066589866,0.42875,0.3598448108632395,0.362962962962963,,,,0.6430319514363794,1.1421561917161431,1.625714356121692,,,,0.28375,0.2935887487875848,0.3494238683127572,,,,0.19375,0.1755577109602328,0.1481481481481481,,,,0.4875,0.4199806013579049,0.4049382716049383,,,,0.820543572162278,1.412643685822748,1.7901181363656258,,,
woodwalton,3,"WN-SS (given-diurnal, st-sp)",1.0683689129650298,1.6423455968886589,1.9728182551421345,0.63125,0.5732298739088264,0.5242798353909465,0.9625,0.930164888457808,0.9037037037037036,0.5298508606476616,0.8819345619268956,1.0933749236523955,0.6351211664892313,0.8798021512784479,1.029132759399095,0.1487499999999999,0.1781668283220174,0.215514403292181,0.2074999999999999,0.1426673132880698,0.1293827160493827,0.3925,0.3695441319107662,0.3094650205761317,0.84,0.7216294859359845,0.6304526748971193,0.67,0.6178467507274491,0.5893004115226338,0.9675,0.950533462657614,0.9300411522633744,1.6810548144034108,2.791509510240012,2.9270680153878104,5.681995898794383,6.337274954416704,6.464422206128699
woodwalton,3,"WN-SS (given-diurnal, Wiener)",1.0683689129650298,1.6423455968886589,1.9728182551421345,0.54375,0.4888457807953443,0.4271604938271605,,,,0.5362983980841898,0.8959584328488658,1.1267902893093302,,,,0.1937499999999999,0.2179340446168768,0.2854732510288065,,,,0.3175,0.2744907856450048,0.1983539094650205,,,,0.59,0.530552861299709,0.4740740740740741,,,,0.9415304923607034,1.6467841571379382,1.7648843849784557,,,
woodwalton,3,Neural SDE (Gaussian),2.198149340785535,5.350693101692805,13.020385597182214,0.80625,0.5945683802133851,0.2666666666666666,,,,1.306393808399012,3.4772885123370445,9.526696910436105,,,,0.4325,0.5139767216294859,0.7032921810699588,,,,0.46625,0.2424830261881668,0.0872427983539094,,,,0.85875,0.6750727449078564,0.328395061728395,,,,7.3219420451391475,12.259936208376944,16.06003264333976,,,
woodwalton,3,Neural SDE (Student-t),1.262268604454207,2.242547444703339,2.7475182568114653,0.78125,0.7458777885548011,0.7604938271604939,,,,0.6166073273698073,1.1372548808846563,1.3993103947810566,,,,0.08125,0.1252279340446168,0.0932921810699588,,,,0.4925,0.4064015518913676,0.3555555555555555,,,,0.81875,0.7982541222114452,0.8329218106995885,,,,2.7425809326013546,4.69718966874322,5.9641384943191404,,,
woodwalton,3,Neural SDE (ALD),1.154357106955085,2.012949283118109,3.2626686176523907,0.68,0.553831231813773,0.3835390946502057,,,,0.5948039157696059,1.1437190912487862,2.090155495459924,,,,0.29875,0.4190494665373423,0.5825514403292181,,,,0.3275,0.2715809893307468,0.1917695473251028,,,,0.74375,0.6488845780795345,0.4518518518518518,,,,2.142912574237213,3.793054587662827,4.612815577931119,,,
woodwalton,3,mean-var (Gaussian),1.1504695602756074,1.8724500282156984,2.569866878175353,0.94875,0.938894277400582,0.931687242798354,,,,0.768687514304043,1.3002569393850754,1.763890330420643,,,,0.26625,0.2939088263821533,0.3397942386831276,,,,0.8275,0.7778855480116392,0.697119341563786,,,,0.95875,0.9553831231813772,0.9695473251028808,,,,7.701402060482883,12.694859255780576,15.765237030962886,,,
woodwalton,3,mean-var (Student-t),1.0983451673243303,1.743745547690719,2.353471440664185,0.74875,0.7274490785645005,0.6954732510288066,,,,0.5433812158755157,0.914287357304268,1.260061007405517,,,,0.175,0.2290882638215324,0.3309465020576131,,,,0.49375,0.4587778855480116,0.3835390946502057,,,,0.78,0.7662463627546072,0.745679012345679,,,,2.5941472121840343,4.424344022590829,5.052439451908592,,,
woodwalton,3,mean-var (ALD),1.066587933548526,1.671178168692047,2.017314673720759,0.93875,0.9544131910766246,0.9646090534979423,,,,0.6377952000441512,1.0615626774842768,1.329461063867519,,,,0.20125,0.2142095053346265,0.2458024691358025,,,,0.7725,0.7759456838021338,0.7818930041152263,,,,0.9625,0.9660523763336566,0.9860082304526748,,,,6.08500222367933,10.448444820657032,13.246542406215834,,,
woodwalton,3,MDN (mixture),1.065133235691341,1.68099875728965,2.114131343310218,0.7425,0.7788554801163918,0.823045267489712,,,,0.5498638811113797,0.9192064839266628,1.1245631356651644,,,,0.10125,0.1178661493695441,0.1787242798353909,,,,0.46375,0.501454898157129,0.5769547325102881,,,,0.81,0.8389912706110573,0.8691358024691358,,,,3.12774189482443,5.380942881097258,6.893136371768139,,,
woodwalton,3,Random Forest,1.686137225872473,1.480926879278455,1.5225968908029894,,,,,,,,,,,,,,,,,,,,,,,,,,,,,,,,,,,,
woodwalton,3,XGBoost,2.5333855152130127,2.1920902729034424,2.106559991836548,,,,,,,,,,,,,,,,,,,,,,,,,,,,,,,,,,,,
rosedene,3,WN-SS (ALD),1.5845174822473735,1.805165044531468,2.0149888681950383,0.88625,0.9649298597194388,0.9905660377358492,0.96625,0.9809619238476954,0.9981132075471698,0.7266649552958561,0.8714175597922835,1.0679417397528652,0.8250031695711998,0.9614029921473676,1.132038573685804,0.08375,0.1506212424849699,0.219622641509434,0.19375,0.20687374749499,0.2484905660377359,0.5725,0.7565130260521042,0.8320754716981132,0.80625,0.872745490981964,0.8867924528301887,0.92875,0.9779559118236472,0.9943396226415094,0.975,0.9899799599198396,1.0,4.547063848697579,7.502819298025601,10.917717042923815,6.933215941966511,9.21286000149317,12.078512800442722
rosedene,3,WN-SS (Gaussian),1.6214934331803303,1.9555605629095147,2.7779913324291843,0.9275,0.9478957915831664,0.9150943396226416,,,,0.7516120469469376,1.0263905130910866,1.5472838642734903,,,,0.09125,0.2116833667334668,0.2975471698113208,,,,0.64375,0.7314629258517034,0.6830188679245283,,,,0.955,0.966933867735471,0.939622641509434,,,,4.946758386517409,8.36698349913347,11.637423587715569,,,
rosedene,3,WN-SS (beta-NLL),1.576694174740738,1.725780745352521,2.0336530867210705,0.92625,0.9759519038076152,0.9849056603773584,,,,0.7165853554796393,0.8766264080046126,1.141151059351379,,,,0.1175,0.1787975951903807,0.2350943396226414,,,,0.68125,0.8156312625250501,0.8660377358490566,,,,0.95375,0.9859719438877756,0.9924528301886792,,,,4.692168034979258,7.856208157539367,11.024988325676826,,,
rosedene,3,WN-SS (Student-t),1.5642655882898135,1.674707394257556,2.039953101669196,0.88,0.9579158316633266,0.9679245283018868,,,,0.7182687374140262,0.8583801051627953,1.138236072046458,,,,0.08625,0.1638276553106212,0.219433962264151,,,,0.6075,0.7555110220440882,0.8075471698113208,,,,0.92625,0.9719438877755512,0.9849056603773584,,,,4.165077914255671,7.111574909112552,10.498846149344066,,,
rosedene,3,WN-SS (mixture),1.5590955864595597,1.6009690065690552,1.9231951501429052,0.955,0.9929859719438878,0.9981132075471698,,,,0.769353200395767,0.9922797754562186,1.3632545372226486,,,,0.1387499999999999,0.2307815631262525,0.2588679245283019,,,,0.70625,0.8907815631262525,0.930188679245283,,,,0.9775,0.996993987975952,1.0,,,,6.340226574553176,10.887725816220454,15.846250247634806,,,
rosedene,3,WN-SS (+residual),1.6242728944838511,1.833342999708512,2.056996653364958,0.915,0.9769539078156312,0.9830188679245284,,,,0.7628874234255159,0.948877237088978,1.309526759509748,,,,0.12,0.2097995991983968,0.2281132075471698,,,,0.66,0.8597194388777555,0.8660377358490566,,,,0.9425,0.9839679358717436,0.9943396226415094,,,,5.268530912382994,8.900168892581068,13.03515729378698,,,
rosedene,3,"WN-SS (given-diurnal, st-sp)",1.549445544759403,1.582468611153506,1.853589362918316,0.87875,0.9659318637274548,0.9849056603773584,0.96,0.9819639278557114,0.9943396226415094,0.7494484286580966,0.8966917107315914,1.2605529646755984,0.8358967842028585,0.9753043172423432,1.312340424901964,0.1449999999999999,0.243687374749499,0.2890566037735849,0.2125,0.264749498997996,0.3054716981132075,0.59375,0.7755511022044088,0.8509433962264151,0.80625,0.8677354709418837,0.8754716981132076,0.92625,0.9819639278557114,0.9924528301886792,0.97125,0.9889779559118236,0.9981132075471698,4.77485985395871,8.111178500499046,12.948522561712998,6.985505917991976,9.655592392352904,13.942568797857133
rosedene,3,"WN-SS (given-diurnal, Wiener)",1.549445544759403,1.582468611153506,1.853589362918316,0.85625,0.9519038076152304,0.9867924528301888,,,,0.7150583573016934,0.8110892278358339,1.0818691120862245,,,,0.1074999999999999,0.2036472945891783,0.2503773584905661,,,,0.52375,0.7284569138276553,0.8037735849056604,,,,0.89125,0.969939879759519,0.9962264150943396,,,,3.962486831853864,6.750383123037459,10.320061794903198,,,
rosedene,3,Neural SDE (Gaussian),1.6039358657603189,1.852685774757024,2.823870583486764,0.9375,0.9739478957915833,0.981132075471698,,,,0.8102987752190294,1.1285232507387477,1.690289079180531,,,,0.1599999999999999,0.1937875751503006,0.2094339622641509,,,,0.7275,0.814629258517034,0.8226415094339623,,,,0.96125,0.9879759519038076,0.9849056603773584,,,,6.288751911080908,10.675373179721973,15.7996668837107,,,
rosedene,3,Neural SDE (Student-t),1.599058034946714,1.7415000893832848,2.3140008083110897,0.90875,0.9759519038076152,0.9754716981132076,,,,0.7929785469844417,1.022272448338272,1.4911342414004467,,,,0.11875,0.1868336673346693,0.2307547169811321,,,,0.685,0.8256513026052105,0.8471698113207548,,,,0.93,0.9869739478957916,0.979245283018868,,,,5.7017169102099725,9.759534743292916,14.843463606305138,,,
rosedene,3,Neural SDE (ALD),1.5604419250310897,1.6581098092077946,2.004882502818157,0.9575,0.9899799599198396,0.9962264150943396,,,,0.8159867069169624,1.157001482885658,1.630550042677034,,,,0.18,0.2987575150300601,0.329622641509434,,,,0.72125,0.8927855711422845,0.9339622641509434,,,,0.97375,0.9939879759519038,0.9981132075471698,,,,7.451649775320897,12.913181899817571,18.662171307599767,,,
rosedene,3,mean-var (Gaussian),1.6367362042591511,1.8705559727275711,2.078542382651077,0.965,0.99498997995992,0.9981132075471698,,,,0.8560130924999296,1.1755841145047548,1.575486181590334,,,,0.19125,0.2428657314629258,0.2383018867924529,,,,0.7975,0.908817635270541,0.930188679245283,,,,0.98375,0.997995991983968,1.0,,,,7.253756030797958,12.24653574022985,17.57806471662139,,,
rosedene,3,mean-var (Student-t),1.5740052245461753,1.662968913395878,1.9284968171324608,0.96,0.9909819639278558,0.9962264150943396,,,,0.8425255585830417,1.164581544307283,1.5807880262604306,,,,0.16625,0.2548697394789578,0.2933962264150943,,,,0.77625,0.9128256513026052,0.9169811320754716,,,,0.9775,0.995991983967936,0.9981132075471698,,,,7.555285585160134,12.735996236927612,18.44873299329208,,,
rosedene,3,mean-var (ALD),1.6870422541297752,1.8818903989372016,2.185988534193353,0.94875,0.9879759519038076,0.9924528301886792,,,,0.8097944346892363,1.0480288307618275,1.443355377910875,,,,0.16,0.234749498997996,0.2652830188679245,,,,0.6875,0.8817635270541082,0.9169811320754716,,,,0.97,0.9929859719438878,0.9981132075471698,,,,6.463495899583677,10.809597641295698,15.906215929757307,,,
rosedene,3,MDN (mixture),1.5866993145829822,1.777175750884126,2.5578593119162614,0.9575,0.9879759519038076,0.9962264150943396,,,,0.8029397183035423,1.1190353546569938,1.6800190501537136,,,,0.1725,0.2568537074148296,0.2641509433962264,,,,0.72,0.8877755511022044,0.8603773584905661,,,,0.975,0.9899799599198396,0.9962264150943396,,,,6.80596546482737,11.662197008573886,17.262460660403065,,,
rosedene,3,Random Forest,1.9715481406965651,1.2479803402053031,1.1886765762950493,,,,,,,,,,,,,,,,,,,,,,,,,,,,,,,,,,,,
rosedene,3,XGBoost,2.1152679920196533,1.327986478805542,1.2494417428970337,,,,,,,,,,,,,,,,,,,,,,,,,,,,,,,,,,,,
redmere_1,3,WN-SS (ALD),4.504102780915949,6.315288992088905,3.050915154939243,0.91375,0.9620253164556962,0.9896602658788776,0.96625,0.9778481012658228,0.9940915805022156,1.250268442501009,1.91659026239432,1.502872413707353,1.3127455026629111,1.973416324430043,1.5500480744314402,0.16625,0.240337552742616,0.2959231905465287,0.23625,0.2629113924050633,0.3225110782865583,0.65875,0.7774261603375527,0.8286558345642541,0.8225,0.8364978902953587,0.8611521418020679,0.9475,0.9725738396624471,0.998522895125554,0.9775,0.9831223628691984,0.998522895125554,7.550237646881956,12.112613204988468,13.689937371903676,9.489999953552148,13.448097427682908,14.873433089727312
redmere_1,3,WN-SS (Gaussian),5.496691888437817,8.267454969692883,3.4976599712016743,0.92,0.9546413502109704,0.9881831610044312,,,,1.3486540243786465,2.235098056578486,1.7078306807555854,,,,0.16,0.219789029535865,0.2380797636632201,,,,0.68875,0.7974683544303798,0.7355982274741507,,,,0.9375,0.969409282700422,0.9940915805022156,,,,7.077827862960519,12.431586989240117,15.184462145936058,,,
redmere_1,3,WN-SS (beta-NLL),5.012851089576234,7.378979042204928,3.046760459454897,0.92375,0.9651898734177216,0.9970457902511078,,,,1.2465677177392551,1.999662153511924,1.4316481729356605,,,,0.1525,0.1918143459915612,0.2439881831610044,,,,0.67375,0.7774261603375527,0.8522895125553914,,,,0.94625,0.9757383966244726,0.998522895125554,,,,6.3787311296607365,10.879269536931602,13.993019007563458,,,
redmere_1,3,WN-SS (Student-t),5.117733812387456,7.659043736780101,3.880527111723343,0.86625,0.9282700421940928,0.9364844903988184,,,,1.2448976769523952,2.065701407729034,1.659482409175962,,,,0.11125,0.1316033755274261,0.1876366322008862,,,,0.58,0.6687763713080169,0.6070901033973413,,,,0.90625,0.94831223628692,0.96602658788774,,,,5.680644910452886,9.667122330053669,11.639171508457055,,,
redmere_1,3,WN-SS (mixture),5.091134718752516,7.473451506527451,3.2286267717083343,0.915,0.9630801687763711,0.982274741506647,,,,1.199959273170839,1.9604422955505871,1.5774128913245105,,,,0.08,0.1786497890295358,0.2734268833087149,,,,0.53875,0.7478902953586498,0.7843426883308715,,,,0.9575,0.9757383966244726,0.9955686853766618,,,,6.008135747939348,11.13916313603858,14.828841850880195,,,
redmere_1,3,WN-SS (+residual),4.745223899391303,6.948021419799454,3.018204725782,0.91125,0.9672995780590716,0.9970457902511078,,,,1.164235889874561,1.8971304084544376,1.3590922737109354,,,,0.11625,0.1912658227848101,0.2747858197932053,,,,0.60375,0.7563291139240507,0.8153618906942393,,,,0.94875,0.9736286919831224,0.998522895125554,,,,6.081955895268359,10.41500226655692,13.051036752986018,,,
redmere_1,3,"WN-SS (given-diurnal, st-sp)",1.6161531600274115,1.8124047905335725,1.425256129355349,0.89875,0.9725738396624471,0.9955686853766618,0.97375,0.9883966244725738,1.0,0.835612660228079,1.1246915633794754,1.246907290436297,0.8986609628487088,1.1911632123341866,1.301298440969305,0.1524999999999999,0.2391139240506329,0.3033087149187592,0.22375,0.2554852320675105,0.3154652880354505,0.58125,0.7774261603375527,0.8153618906942393,0.8075,0.8523206751054853,0.8700147710487445,0.93,0.9873417721518988,1.0,0.98375,0.9968354430379748,1.0,6.333340328710153,10.932224341377,13.199094184737875,8.44214263043599,12.371663244659638,14.360215286060924
redmere_1,3,"WN-SS (given-diurnal, Wiener)",1.6161531600274115,1.8124047905335725,1.425256129355349,0.89125,0.9651898734177216,0.998522895125554,,,,0.7988323059044933,1.0438869469657706,1.1464500980176744,,,,0.1262499999999999,0.2133755274261603,0.3014918759231905,,,,0.53125,0.729957805907173,0.8079763663220089,,,,0.925,0.9883966244725738,1.0,,,,5.347028700270224,9.484507788908925,11.875959880957916,,,
redmere_1,3,Neural SDE (Gaussian),348.1560414901367,473.0104279658266,203.99136982335543,0.945,0.9831223628691984,0.9852289512555392,,,,17.377178274561786,32.12804034238961,6.646471457078846,,,,0.16875,0.2264978902953586,0.280576070901034,,,,0.67625,0.8059071729957806,0.8153618906942393,,,,0.96375,0.9915611814345991,1.0,,,,79.24623597941361,146.18397943564386,35.58795145398592,,,
redmere_1,3,Neural SDE (Student-t),87.85628800151045,119.31003733892534,51.459721575990855,0.92875,0.9957805907172996,0.998522895125554,,,,31.07296901721919,57.229877419937466,10.470190731158365,,,,0.14625,0.2359493670886075,0.2977400295420974,,,,0.61875,0.8080168776371308,0.8626292466765141,,,,0.96875,1.0,1.0,,,,495.7612608223189,940.2675474698716,152.7261512476571,,,
redmere_1,3,Neural SDE (ALD),68.91330790136402,93.64935027971576,40.29162794039311,0.9275,0.9620253164556962,0.9911373707533236,,,,6.225923086322943,11.335441923389242,2.876133201108408,,,,0.1624999999999999,0.2540084388185654,0.3506942392909897,,,,0.61375,0.760548523206751,0.7385524372230429,,,,0.95,0.9736286919831224,0.9970457902511078,,,,6.290260760395322,10.550949551376124,12.533636863511523,,,
redmere_1,3,mean-var (Gaussian),4.238012852799941,5.69332898503589,3.081848412255036,0.945,0.978902953586498,0.9911373707533236,,,,1.3247192730109638,2.086122005609937,1.5128141251436351,,,,0.20625,0.260295358649789,0.2998966026587888,,,,0.735,0.8322784810126582,0.8168389955686853,,,,0.96125,0.990506329113924,0.998522895125554,,,,12.55431666459888,22.335639035278334,15.508444271108996,,,
redmere_1,3,mean-var (Student-t),5.082797203118836,6.856109155470153,3.374459839457471,0.90625,0.9588607594936708,0.9852289512555392,,,,1.1393165780218002,1.754894719176147,1.3798164832302957,,,,0.14625,0.1918143459915612,0.2888774002954209,,,,0.60875,0.7478902953586498,0.8124076809453471,,,,0.9375,0.971518987341772,0.9926144756277696,,,,5.438551712829619,9.569286504909318,12.417353979004009,,,
redmere_1,3,mean-var (ALD),1.8073782852711784,2.1595478935252883,1.679959050876359,0.905,0.969409282700422,0.998522895125554,,,,0.8210587558513355,1.110099735473183,1.166201568370362,,,,0.1099999999999999,0.2012658227848101,0.2959231905465287,,,,0.54875,0.7204641350210971,0.7636632200886263,,,,0.94125,0.979957805907173,0.998522895125554,,,,5.168720282922964,8.855221975769725,11.149503532737668,,,
redmere_1,3,MDN (mixture),67.96696831523772,92.29171504577386,39.77623761562044,0.94,0.9746835443037974,0.998522895125554,,,,5.236996570255806,9.364826155391649,2.691541754378457,,,,0.1225,0.2161181434599156,0.2838700147710488,,,,0.5925,0.8080168776371308,0.8980797636632201,,,,0.96125,0.9820675105485231,0.998522895125554,,,,14.3560271918762,24.47630197472658,16.577422483258797,,,
redmere_1,3,Random Forest,1.4632315471178732,1.2135052320704955,0.8957369432129982,,,,,,,,,,,,,,,,,,,,,,,,,,,,,,,,,,,,
redmere_1,3,XGBoost,1.5228641033172607,1.2787023782730105,0.9002425074577332,,,,,,,,,,,,,,,,,,,,,,,,,,,,,,,,,,,,
redmere_2,3,WN-SS (ALD),1.891762680707301,1.958343727284269,1.837317443747116,0.9625,0.9989868287740628,1.0,0.9825,0.9989868287740628,1.0,1.0520971491059787,1.4873895877314596,1.878644166302839,1.1417502953032457,1.55617750971465,1.9295636057812957,0.21625,0.2986828774062817,0.3989952153110048,0.25,0.3047619047619048,0.3910526315789473,0.80875,0.9341438703140832,0.9497607655502392,0.87125,0.9473150962512664,0.958133971291866,0.97375,1.0,1.0,0.9875,1.0,1.0,10.38909828640148,17.614325110347075,22.170921428565773,11.860941388525998,18.45245623421886,22.79169515347794
redmere_2,3,WN-SS (Gaussian),1.873065407793032,2.0779056631290382,3.5547053054619395,0.98,0.9929078014184396,0.9760765550239234,,,,1.1492415930623625,1.7540259288544668,2.3190255288536736,,,,0.2125,0.3032624113475177,0.2866985645933014,,,,0.8575,0.9574468085106383,0.9366028708133972,,,,0.9875,0.993920972644377,0.9760765550239234,,,,11.67467341791652,20.40392555338392,24.415293170383386,,,
redmere_2,3,WN-SS (beta-NLL),1.8088981618139524,1.6922933865677483,1.7625364140598327,0.975,1.0,1.0,,,,1.0873095010832046,1.5275758812183096,1.8463053476828624,,,,0.21125,0.3031306990881459,0.3357416267942583,,,,0.85,0.9594731509625126,0.9832535885167464,,,,0.98,1.0,1.0,,,,10.570590425011702,18.28971174837608,23.080534213104027,,,
redmere_2,3,WN-SS (Student-t),1.818116191341322,1.69448679238812,1.5691020543936152,0.9525,0.9969604863221884,1.0,,,,0.9848166650678274,1.281755973500253,1.4741049272498556,,,,0.19125,0.2705775075987842,0.3057416267942583,,,,0.80625,0.9189463019250254,0.9736842105263158,,,,0.97,1.0,1.0,,,,8.852782140117137,14.675977146933128,17.98866050853327,,,
redmere_2,3,WN-SS (mixture),1.894079980067404,1.9122596428315548,1.8704148799658733,0.94375,0.9858156028368794,1.0,,,,0.9687561929342144,1.3059956239816897,1.4224775812219936,,,,0.16,0.2551570415400201,0.2977990430622009,,,,0.70375,0.8804457953394124,0.9366028708133972,,,,0.96,0.9959473150962512,1.0,,,,8.79531889370689,14.893604017956427,17.028254157261983,,,
redmere_2,3,WN-SS (+residual),1.876829103280812,2.073741569148336,2.610004265968101,0.965,0.9979736575481256,1.0,,,,0.9685595696167776,1.295070995352889,1.5998567961606265,,,,0.18125,0.2538804457953394,0.2907177033492822,,,,0.75125,0.9128672745694022,0.9354066985645934,,,,0.9775,1.0,1.0,,,,8.767892981768119,14.502967472968525,18.364480323973662,,,
redmere_2,3,"WN-SS (given-diurnal, st-sp)",1.8162580126337384,1.7512823442385812,1.6597708001313023,0.9575,0.9969604863221884,0.998803827751196,0.98125,0.9979736575481256,1.0,1.1369206124060045,1.613486099521799,2.0114425638113715,1.218074278325309,1.6771014770514037,2.0604038737357446,0.21625,0.2948936170212766,0.3762679425837321,0.2475,0.3038804457953394,0.3795215311004785,0.8,0.9250253292806484,0.9605263157894736,0.85875,0.9442755825734548,0.9700956937799045,0.97,0.9989868287740628,1.0,0.99125,1.0,1.0,11.794714542536994,19.69372701842976,24.428765231829008,13.179303910862654,20.479985266712536,25.140675070315027
redmere_2,3,"WN-SS (given-diurnal, Wiener)",1.8162580126337384,1.7512823442385812,1.6597708001313023,0.94375,0.9959473150962512,0.9976076555023924,,,,1.003917390587043,1.339283887456192,1.5492194751171848,,,,0.19625,0.2519858156028369,0.3458373205741626,,,,0.75625,0.8986828774062816,0.930622009569378,,,,0.96375,0.9969604863221884,0.998803827751196,,,,9.309848483256062,15.454197669799202,17.9923118033941,,,
redmere_2,3,Neural SDE (Gaussian),1.87778406434624,1.955528837002434,2.0732573774400165,0.9275,0.9878419452887538,0.9976076555023924,,,,0.9334946417356362,1.1785886926257396,1.304917949387039,,,,0.1324999999999999,0.1919858156028369,0.2136363636363636,,,,0.71625,0.8500506585612969,0.868421052631579,,,,0.95125,0.9959473150962512,1.0,,,,6.773870697706006,11.428974269421088,13.741488376329318,,,
redmere_2,3,Neural SDE (Student-t),1.8410245609964189,1.880151401742708,1.806842974061944,0.93125,0.993920972644377,0.998803827751196,,,,0.944497813310828,1.2069444662097717,1.335188570424743,,,,0.17125,0.2469199594731509,0.3018181818181818,,,,0.75875,0.8753799392097265,0.9138755980861244,,,,0.96375,0.9969604863221884,1.0,,,,7.678704627456143,12.49722352104286,14.645192250702085,,,
redmere_2,3,Neural SDE (ALD),1.827959538239403,1.836407207066804,1.6267202110554444,0.9525,0.993920972644377,1.0,,,,0.909190405839932,1.1633688524335308,1.3457145033352576,,,,0.14,0.2059067882472138,0.2698564593301435,,,,0.7275,0.8794326241134752,0.9270334928229664,,,,0.97625,0.9989868287740628,1.0,,,,7.515111632661894,12.474969845474623,15.233318365604111,,,
redmere_2,3,mean-var (Gaussian),1.804988142299922,1.7498932578166009,1.5737998696318345,0.9125,0.9888551165146908,0.998803827751196,,,,0.8948476464588606,1.090982297814915,1.1138936164521542,,,,0.1524999999999999,0.2223404255319149,0.2411483253588516,,,,0.68875,0.8601823708206687,0.9258373205741628,,,,0.94,0.9969604863221884,1.0,,,,6.406053202813025,10.813914772763606,12.479049501442416,,,
redmere_2,3,mean-var (Student-t),1.883825017170902,1.8906515736695289,1.746412794148762,0.93375,0.9979736575481256,1.0,,,,0.9606361608531114,1.2831810024146213,1.5479128699257898,,,,0.14375,0.223353596757852,0.2893301435406697,,,,0.7225,0.889564336372847,0.9772727272727272,,,,0.96875,0.9989868287740628,1.0,,,,8.793432813376652,15.853708467109406,20.953148540401717,,,
redmere_2,3,mean-var (ALD),1.828126624405738,1.8061250551391284,1.577451255701076,0.94375,0.9979736575481256,1.0,,,,0.9166068957514116,1.151404395717151,1.3098172552985332,,,,0.1524999999999999,0.2288145896656535,0.3162679425837321,,,,0.715,0.8713272543059777,0.9102870813397128,,,,0.97,0.9989868287740628,1.0,,,,7.646157086701596,12.482736439137836,14.727485923707912,,,
redmere_2,3,MDN (mixture),1.833258251910839,1.7443373387251784,1.5333366012637644,0.93125,0.9858156028368794,0.9976076555023924,,,,0.9046885740145892,1.116356748649135,1.1963260841841876,,,,0.13,0.2051165146909828,0.2658373205741626,,,,0.69375,0.8693009118541033,0.9473684210526316,,,,0.95875,0.993920972644377,1.0,,,,7.305211819532792,12.26795359557417,14.174265982738236,,,
redmere_2,3,Random Forest,1.6830722539480265,1.4967260531049795,1.2397699897581589,,,,,,,,,,,,,,,,,,,,,,,,,,,,,,,,,,,,
redmere_2,3,XGBoost,1.8483830690383911,1.589627981185913,1.3411294221878052,,,,,,,,,,,,,,,,,,,,,,,,,,,,,,,,,,,,
great_fen,3,WN-SS (ALD),1.689308173051786,1.8070163156546444,1.8012110764124396,0.875,0.9545454545454546,0.9892682926829268,0.95375,0.974308300395257,0.9951219512195122,0.9844545461007392,1.250406023733824,1.520946812391669,1.0226078693910388,1.292092195476983,1.558414931895935,0.10875,0.2130039525691699,0.2846341463414634,0.18625,0.2424110671936759,0.2963414634146341,0.5875,0.7559288537549407,0.8790243902439024,0.75625,0.8181818181818182,0.9209756097560976,0.8975,0.9713438735177866,0.9931707317073172,0.97125,0.9871541501976284,0.9970731707317072,7.010097964688203,11.846787165606894,16.828086598009598,8.937718637532553,13.050114018643796,17.651379528701302
great_fen,3,WN-SS (Gaussian),1.719045882441641,1.890452844002392,2.0486150267328926,0.95875,0.9920948616600792,1.0,,,,1.0581654854343454,1.514648578215148,2.006700190212336,,,,0.19125,0.2414229249011857,0.308780487804878,,,,0.76125,0.8705533596837944,0.9209756097560976,,,,0.97125,0.9970355731225296,1.0,,,,9.277276823285966,16.21100860115347,23.569684877642768,,,
great_fen,3,WN-SS (beta-NLL),1.7400533735748451,2.1007049690237083,2.6246306351808752,0.93125,0.9851778656126482,0.9980487804878048,,,,1.0458705046979506,1.4698150851539649,1.9344109626143065,,,,0.1674999999999999,0.2307905138339921,0.3009756097560975,,,,0.72375,0.8191699604743083,0.8653658536585366,,,,0.95625,0.9960474308300395,1.0,,,,8.659063540232832,14.634947528125048,20.78013720973817,,,
great_fen,3,WN-SS (Student-t),1.8038916698755416,2.3994774209259924,3.222067968350826,0.9375,0.9891304347826086,0.9980487804878048,,,,1.1525726584651292,1.8214834610286137,2.794823510592486,,,,0.175,0.2962450592885375,0.3626829268292683,,,,0.71125,0.8626482213438735,0.9414634146341464,,,,0.96125,0.9980237154150198,1.0,,,,11.699370671867392,22.191478572601795,36.537837836723504,,,
great_fen,3,WN-SS (mixture),1.6912617394429783,1.7921655547581516,1.789824033307216,0.915,0.9881422924901184,1.0,,,,0.927671517515028,1.204660423079006,1.629317914224676,,,,0.0625,0.1699604743083004,0.2495121951219512,,,,0.56625,0.817193675889328,0.9365853658536586,,,,0.955,0.9960474308300395,1.0,,,,7.425310405877883,13.176037730753656,19.66124171674924,,,
great_fen,3,WN-SS (+residual),1.731389268033715,1.8972005562069725,1.9643023260784285,0.87875,0.9654150197628458,0.9941463414634146,,,,0.9836205952035076,1.2494767138661496,1.6637120066897104,,,,0.10625,0.2031225296442687,0.2887804878048781,,,,0.56625,0.7223320158102767,0.8136585365853658,,,,0.92375,0.9782608695652174,0.9990243902439024,,,,6.622629845426418,11.249885597690689,17.114287043529313,,,
great_fen,3,"WN-SS (given-diurnal, st-sp)",1.7031950803664475,1.7924259179355773,1.7050360898521302,0.86625,0.9545454545454546,0.9892682926829268,0.94125,0.9792490118577076,0.9951219512195122,0.960137425073739,1.1728485065051262,1.4029040845177003,0.9936999665722744,1.2150010036968786,1.442235527555488,0.11125,0.2160869565217391,0.2882926829268292,0.19,0.246600790513834,0.2951219512195122,0.56625,0.7065217391304348,0.8380487804878048,0.74875,0.7776679841897233,0.8868292682926829,0.9,0.9733201581027668,0.9960975609756098,0.965,0.9861660079051384,0.9990243902439024,6.367066971126478,10.408766102972862,14.630554118991986,8.173250871630385,11.571444093458089,15.44550421455866
great_fen,3,"WN-SS (given-diurnal, Wiener)",1.7031950803664475,1.7924259179355773,1.7050360898521302,0.89875,0.967391304347826,0.9902439024390244,,,,1.0226533717846087,1.323899254371252,1.7397923846236336,,,,0.14375,0.2446245059288537,0.3251219512195121,,,,0.62375,0.7717391304347826,0.8829268292682927,,,,0.92625,0.9802371541501976,0.9921951219512196,,,,7.898138808313757,12.823026148925845,19.226511597562126,,,
great_fen,3,Neural SDE (Gaussian),1.722893222941697,2.220790557245872,3.340834833333385,0.8025,0.8725296442687747,0.9034146341463416,,,,0.9481829900327904,1.2899889663294837,1.8332431961781044,,,,0.0625,0.1165612648221343,0.2124390243902439,,,,0.5075,0.599802371541502,0.6848780487804879,,,,0.83,0.9021739130434784,0.928780487804878,,,,5.0142503395574165,8.576186637104426,12.164177657390512,,,
great_fen,3,Neural SDE (Student-t),1.7195357631179118,2.088501305344713,2.476128595960938,0.84125,0.9486166007905138,0.9921951219512196,,,,0.9685560830119718,1.2372443034828384,1.6692143180806895,,,,0.0775,0.1432411067193676,0.2126829268292683,,,,0.57125,0.7114624505928854,0.8380487804878048,,,,0.875,0.9614624505928854,0.9951219512195122,,,,5.846737378577468,10.492837878661192,17.010684569875643,,,
great_fen,3,Neural SDE (ALD),1.697661645135761,1.8814338631308127,1.940911112064699,0.85875,0.9535573122529644,0.9902439024390244,,,,0.9709339146636796,1.2138690955390468,1.5112348430637106,,,,0.09125,0.1811462450592885,0.2602439024390244,,,,0.52875,0.6956521739130435,0.8312195121951219,,,,0.89375,0.9693675889328064,0.9951219512195122,,,,6.245377739572897,10.66298455318432,15.536286912733097,,,
great_fen,3,mean-var (Gaussian),1.7096731293024168,1.919696391220037,2.058376982027921,0.855,0.958498023715415,0.9960975609756098,,,,0.970072942020239,1.2297503123295996,1.4780148133747977,,,,0.1175,0.1752173913043478,0.2351219512195122,,,,0.605,0.7272727272727273,0.8526829268292683,,,,0.8975,0.983201581027668,0.9980487804878048,,,,6.463607455106918,11.0143028182169,15.715932936266428,,,
great_fen,3,mean-var (Student-t),1.7048506807721466,1.9581613192185845,2.185352002896489,0.78625,0.924901185770751,0.9882926829268291,,,,0.967742629659766,1.1763801574688382,1.4670786216201614,,,,0.0737499999999999,0.1226086956521739,0.2070731707317073,,,,0.525,0.6689723320158103,0.8292682926829268,,,,0.83375,0.9446640316205532,0.9921951219512196,,,,5.305211167834698,9.416540600645092,14.72580606538239,,,
great_fen,3,mean-var (ALD),1.6955702907594077,1.8960776171268028,2.0478520466769448,0.8675,0.9535573122529644,0.9931707317073172,,,,1.0144657762968554,1.2881979986688636,1.613456466316234,,,,0.09,0.185098814229249,0.2746341463414634,,,,0.545,0.724308300395257,0.8595121951219512,,,,0.9075,0.966403162055336,0.9990243902439024,,,,7.126207391669973,11.95506147811918,16.9438080690514,,,
great_fen,3,MDN (mixture),1.7067521590622978,1.8622970978730693,1.8138925084710844,0.835,0.9565217391304348,0.9892682926829268,,,,0.9477087424398676,1.1163365739718876,1.3128295578976368,,,,0.07125,0.1526482213438734,0.223170731707317,,,,0.465,0.6689723320158103,0.8468292682926829,,,,0.8825,0.9752964426877472,0.9941463414634146,,,,5.750912616887363,9.683707084275667,14.013864170124071,,,
great_fen,3,Random Forest,1.9019725060086825,1.4474716084909007,1.0345033531224936,,,,,,,,,,,,,,,,,,,,,,,,,,,,,,,,,,,,
great_fen,3,XGBoost,1.9674293994903564,1.4525339603424072,1.0598539113998413,,,,,,,,,,,,,,,,,,,,,,,,,,,,,,,,,,,,
woodwalton,4,WN-SS (ALD),1.0619076180157303,1.685391248549169,2.1769227817455943,0.74125,0.7449078564500485,0.6831275720164609,0.9625,0.9321047526673132,0.8823045267489712,0.5167707255506641,0.8781633064845341,1.2670287706373384,0.6336708653823845,0.9089502672280874,1.223397348133216,0.09875,0.1068768186226963,0.1815226337448559,0.21125,0.1643064985451018,0.1772427983539094,0.51,0.463627546071775,0.4139917695473251,0.85125,0.7061105722599418,0.6049382716049383,0.7875,0.7943743937924346,0.7242798353909465,0.97625,0.9515033947623668,0.9209876543209876,2.0594886884707955,3.619522890553355,5.003121709682414,5.706707040801644,6.586684136126627,7.537500520853225
woodwalton,4,WN-SS (Gaussian),1.676852268891446,3.12443060088088,6.009555578357672,0.68625,0.5761396702230844,0.4205761316872428,,,,0.8061052963783903,1.7235649885835154,3.681149873559223,,,,0.13875,0.2237245392822502,0.3983127572016461,,,,0.39,0.3035887487875848,0.1934156378600823,,,,0.72625,0.6217264791464597,0.4469135802469136,,,,2.487969203668879,4.153635483482812,5.093821908357197,,,
woodwalton,4,WN-SS (beta-NLL),1.2433907916813765,2.387272545896402,5.208067398056407,0.82125,0.7410281280310378,0.5925925925925926,,,,0.6660105075902751,1.3702788048885737,3.1352645254653635,,,,0.0949999999999999,0.1248884578079534,0.2402057613168724,,,,0.6025,0.4762366634335596,0.3152263374485596,,,,0.855,0.7924345295829291,0.642798353909465,,,,3.9144767819764095,6.694050059500435,7.950876347461844,,,
woodwalton,4,WN-SS (Student-t),1.1115636623263414,1.761548711127934,2.651848431758454,0.7125,0.6760426770126091,0.6230452674897119,,,,0.5374347057006862,0.9369508040835988,1.460787286964448,,,,0.1237499999999999,0.1620465567410281,0.1460082304526749,,,,0.46875,0.3947623666343356,0.37119341563786,,,,0.75125,0.7090203685741998,0.674074074074074,,,,1.9291719772014768,3.386187517241178,4.776872837232664,,,
woodwalton,4,WN-SS (mixture),1.0993320567955562,1.7647970345660682,2.368276037985132,0.66375,0.6915615906886518,0.7135802469135802,,,,0.5398379198140749,0.9135096718163564,1.2763776041579695,,,,0.14875,0.1359262851600388,0.1398765432098766,,,,0.375,0.3870029097963142,0.4205761316872428,,,,0.73625,0.7623666343355965,0.7728395061728395,,,,1.9725567394252863,3.707072820224113,5.134245367820217,,,
woodwalton,4,WN-SS (+residual),1.267737854825451,2.2638823237887133,3.4771263786003384,0.885,0.8826382153249273,0.8559670781893004,,,,0.621998310826063,1.1267883234101446,1.786751514068262,,,,0.21875,0.2551115421920465,0.3003292181069958,,,,0.6575,0.6391852570320078,0.5925925925925926,,,,0.91375,0.9117361784675072,0.8987654320987655,,,,3.8700180447264567,6.890345675299517,10.084254070668798,,,
woodwalton,4,"WN-SS (given-diurnal, st-sp)",1.0683689129650298,1.6423455968886589,1.9728182551421345,0.83375,0.8234723569350145,0.8699588477366255,0.9675,0.950533462657614,0.9572016460905348,0.5034095337088015,0.8042270690668574,0.9725551882570616,0.633346290416291,0.8716528839169553,1.0249438507871658,0.14,0.1054413191076624,0.067037037037037,0.2112499999999999,0.1669835111542192,0.1431275720164608,0.56375,0.5548011639185257,0.5588477366255145,0.84625,0.7439379243452958,0.7102880658436214,0.865,0.8603297769156159,0.9069958847736626,0.9725,0.9582929194956352,0.968724279835391,2.3105940552819515,3.9292973491998255,5.424483138291863,5.713191860500723,6.606151388808867,7.651960052365872
woodwalton,4,"WN-SS (given-diurnal, Wiener)",1.0683689129650298,1.6423455968886589,1.9728182551421345,0.75875,0.7332686711930165,0.6995884773662552,,,,0.5213163070421198,0.8455412867423248,1.040438388813156,,,,0.125,0.1014258001939863,0.1317695473251028,,,,0.53125,0.4878758486905916,0.4345679012345679,,,,0.815,0.7837051406401552,0.7786008230452675,,,,2.151359687081538,3.628866834067184,3.974374688654188,,,
woodwalton,4,Neural SDE (Gaussian),1.276741993068972,2.419160975845486,3.739103000114957,0.945,0.9224054316197866,0.8098765432098766,,,,0.6939851663640249,1.2948488333002552,2.200324497806192,,,,0.17625,0.1666828322017458,0.2223456790123456,,,,0.72125,0.6653734238603298,0.5728395061728395,,,,0.9575,0.9456838021338506,0.8576131687242798,,,,5.730953879829496,9.792817024701248,12.852132753443446,,,
woodwalton,4,Neural SDE (Student-t),1.1007128745726362,1.7651454282842631,2.3579950691818112,0.67,0.6673132880698351,0.6773662551440329,,,,0.5497199880963568,0.9600953020406968,1.2504017834388432,,,,0.13,0.1303394762366634,0.1229218106995885,,,,0.45375,0.3957322987390883,0.4131687242798353,,,,0.7025,0.6983511154219205,0.7094650205761317,,,,2.328030503321439,4.239913407665751,5.878737691291167,,,
woodwalton,4,Neural SDE (ALD),1.096841965019046,1.7906458513023331,2.6865051980225045,0.41375,0.3220174587778855,0.2263374485596707,,,,0.5729012214463558,1.0243649586704515,1.6729407843323354,,,,0.3725,0.4903200775945683,0.6418106995884774,,,,0.17,0.1057225994180407,0.1020576131687242,,,,0.4725,0.3860329776915616,0.2683127572016461,,,,0.5762783681130967,0.992575076025496,1.28326516609133,,,
woodwalton,4,mean-var (Gaussian),1.0974882037104274,1.6601135619355682,1.9888509899870543,0.8875,0.8797284190106692,0.9308641975308642,,,,0.5643385162002617,0.92995779185268,1.1430369030663836,,,,0.1725,0.1806304558680892,0.2120576131687243,,,,0.72125,0.6973811833171678,0.7292181069958847,,,,0.91625,0.906886517943744,0.9604938271604938,,,,3.955398367208428,6.764274345529125,9.227761438755248,,,
woodwalton,4,mean-var (Student-t),1.0739935778990577,1.6121715896997697,1.9334699632837111,0.80375,0.8244422890397672,0.8691358024691358,,,,0.5316419124154279,0.8530944117192332,1.056083950461678,,,,0.13375,0.0853734238603297,0.1106584362139917,,,,0.59,0.6023278370514064,0.6403292181069958,,,,0.83625,0.8477206595538312,0.891358024691358,,,,2.953760919256135,5.277745540164389,7.397026453225225,,,
woodwalton,4,mean-var (ALD),1.065260305759658,1.6536679124570537,2.0027501424278102,0.7675,0.7885548011639185,0.817283950617284,,,,0.513308052782889,0.8371563270161764,1.014820372719657,,,,0.0812499999999999,0.088933074684772,0.1023045267489711,,,,0.53,0.5286129970902037,0.5703703703703704,,,,0.8225,0.8176527643064986,0.8798353909465021,,,,2.4890425541573205,4.453322682333847,6.171466458500841,,,
woodwalton,4,MDN (mixture),1.0666837736660932,1.6621593572790172,2.005400602378669,0.71125,0.7555771096023278,0.8493827160493828,,,,0.5073841053528627,0.832749068983975,1.025659362534605,,,,0.10875,0.1122793404461687,0.1362962962962962,,,,0.3775,0.4607177497575169,0.5604938271604938,,,,0.78625,0.8040737148399612,0.8872427983539095,,,,1.9988395605096592,3.829717723828867,5.690701785185298,,,
woodwalton,4,Random Forest,1.682084190062628,1.4811401876983246,1.5347584005276036,,,,,,,,,,,,,,,,,,,,,,,,,,,,,,,,,,,,
woodwalton,4,XGBoost,2.5333855152130127,2.1920902729034424,2.106559991836548,,,,,,,,,,,,,,,,,,,,,,,,,,,,,,,,,,,,
rosedene,4,WN-SS (ALD),1.587998180985183,1.8589928791270545,2.461657637634322,0.9025,0.9599198396793588,0.9547169811320756,0.9575,0.968937875751503,0.969811320754717,0.7383044413062915,0.93604913345274,1.328181584526778,0.8343378675344286,1.0165825673458366,1.3715954472425689,0.09375,0.1488376753507013,0.1996226415094339,0.1825,0.2148496993987976,0.240754716981132,0.61,0.7545090180360722,0.7830188679245284,0.8,0.8466933867735471,0.8188679245283019,0.9375,0.9729458917835672,0.9754716981132076,0.96625,0.9789579158316634,0.981132075471698,4.572171971512026,7.479243894339816,11.650064149031168,6.793402751092798,9.004759925973783,12.616508988893749
rosedene,4,WN-SS (Gaussian),1.6660647644031896,2.008832803368496,2.44670871879871,0.8875,0.9198396793587176,0.9264150943396228,,,,0.7667761157138269,1.0437398899888222,1.4373446688474532,,,,0.13,0.2207815631262524,0.2381132075471698,,,,0.61,0.6763527054108216,0.5962264150943396,,,,0.91125,0.9428857715430862,0.9622641509433962,,,,4.54827405335661,7.725057653298709,10.834681733805896,,,
rosedene,4,WN-SS (beta-NLL),1.5843629805120705,1.83342856070817,2.3240421647418463,0.95,0.9829659318637276,0.9924528301886792,,,,0.8006376476372933,1.1118817150288582,1.538242797885149,,,,0.1725,0.2108416833667334,0.230377358490566,,,,0.77625,0.8797595190380761,0.909433962264151,,,,0.96625,0.9889779559118236,0.9981132075471698,,,,6.673406701555475,11.297131828858868,16.32024859119277,,,
rosedene,4,WN-SS (Student-t),1.5336982964507266,1.679371466924379,2.1865462192117557,0.9025,0.9709418837675352,0.9905660377358492,,,,0.7378949810180455,0.9291923634143726,1.2509220178705869,,,,0.11125,0.1708216432865731,0.1835849056603773,,,,0.6425,0.8006012024048096,0.8169811320754717,,,,0.93125,0.9839679358717436,0.9905660377358492,,,,5.081128226182888,8.502535033047588,12.644112559497918,,,
rosedene,4,WN-SS (mixture),1.5311864928417125,1.5781157494518034,1.9096516308471252,0.94875,0.9919839679358716,0.9981132075471698,,,,0.7789456435294873,1.0436317989321278,1.447742996554377,,,,0.1575,0.2217835671342685,0.2539622641509434,,,,0.705,0.8847695390781564,0.9471698113207548,,,,0.9675,0.996993987975952,1.0,,,,6.618057125865946,11.2874378482492,16.77662862133867,,,
rosedene,4,WN-SS (+residual),1.5794619432986612,1.65361016244282,1.9590525876770888,0.97875,0.996993987975952,1.0,,,,0.8072955831986098,1.1414951406772624,1.637705917467268,,,,0.18875,0.277815631262525,0.310377358490566,,,,0.77,0.9288577154308616,0.9716981132075472,,,,0.98875,0.996993987975952,1.0,,,,7.878212090791668,13.408108439554043,19.985320406348077,,,
rosedene,4,"WN-SS (given-diurnal, st-sp)",1.549445544759403,1.582468611153506,1.853589362918316,0.92375,0.9779559118236472,0.9943396226415094,0.965,0.9849699398797596,0.9962264150943396,0.7610188208734187,0.9541413885784502,1.3278376186401344,0.8489763489947282,1.0253659315187729,1.370948317340407,0.15625,0.2637274549098196,0.3049056603773584,0.21625,0.272745490981964,0.3092452830188679,0.64875,0.8256513026052105,0.8886792452830189,0.81625,0.8927855711422845,0.8981132075471698,0.9475,0.9849699398797596,0.9962264150943396,0.9775,0.9929859719438878,0.9981132075471698,5.510517638299847,9.222665506354224,14.192660699894406,7.388649951092898,10.462822259327991,15.02333083197474
rosedene,4,"WN-SS (given-diurnal, Wiener)",1.549445544759403,1.582468611153506,1.853589362918316,0.8875,0.966933867735471,0.9773584905660376,,,,0.7350380037053621,0.8677353719616291,1.2090509264442453,,,,0.1287499999999999,0.2286773547094188,0.2652830188679245,,,,0.57875,0.7685370741482966,0.8358490566037736,,,,0.93,0.9779559118236472,0.9943396226415094,,,,4.746593191790161,7.804588498870556,11.572978600192604,,,
rosedene,4,Neural SDE (Gaussian),1.5995573782584267,1.8777222768377744,2.991707225736307,0.96625,0.995991983967936,1.0,,,,0.7975953122844842,1.0794111844283203,1.6250213103514637,,,,0.1612499999999999,0.2218236472945891,0.2226415094339622,,,,0.75,0.8947895791583166,0.8773584905660378,,,,0.98125,0.997995991983968,1.0,,,,6.467585883147665,11.081354600846588,16.55298767462935,,,
rosedene,4,Neural SDE (Student-t),1.5523732878925536,1.7032354063961412,2.2053174033435243,0.93625,0.9809619238476954,0.9962264150943396,,,,0.7811369840459566,1.0382487412059187,1.491560308977201,,,,0.1425,0.1986773547094188,0.2452830188679245,,,,0.6725,0.8236472945891784,0.8811320754716981,,,,0.96,0.9889779559118236,0.9962264150943396,,,,5.8958899987866165,10.140843591715337,16.162619395883013,,,
rosedene,4,Neural SDE (ALD),1.5541643883485508,1.689873676156871,2.158766336327563,0.95,0.9889779559118236,0.9981132075471698,,,,0.7672960482082651,1.030026862901383,1.5102553217243735,,,,0.14625,0.2277755511022044,0.2526415094339623,,,,0.69875,0.872745490981964,0.9339622641509434,,,,0.97125,0.99498997995992,0.9981132075471698,,,,6.51645155907725,11.08734541420166,17.492653108278535,,,
rosedene,4,mean-var (Gaussian),1.5792700993104052,1.8065930283703333,2.664136362258535,0.96375,0.99498997995992,0.9981132075471698,,,,0.9243515130300348,1.3368975881485403,2.0104171149011263,,,,0.195,0.2668136272545089,0.3211320754716981,,,,0.83125,0.9168336673346692,0.9339622641509434,,,,0.98,0.995991983967936,1.0,,,,8.906496308255008,14.9845991773277,22.604590485554255,,,
rosedene,4,mean-var (Student-t),1.5357587628193372,1.6734535247341358,2.1706794581313096,0.945,0.9869739478957916,0.9981132075471698,,,,0.788544912818636,1.0676657437430424,1.5215506013888775,,,,0.1325,0.2147695390781563,0.2518867924528302,,,,0.73125,0.8557114228456913,0.9056603773584906,,,,0.96875,0.99498997995992,0.9981132075471698,,,,6.414803701054304,10.91772384618377,16.819911619752364,,,
rosedene,4,mean-var (ALD),1.527612250177824,1.6137438791704617,1.905774660984216,0.94875,0.9899799599198396,0.9981132075471698,,,,0.7759762506713784,1.0375470318813036,1.5704254486897795,,,,0.1375,0.2297995991983968,0.2950943396226415,,,,0.71875,0.8887775551102205,0.9509433962264152,,,,0.9625,0.9939879759519038,1.0,,,,6.735721413595601,11.552940425431292,18.85027462141553,,,
rosedene,4,MDN (mixture),1.5422732833917092,1.6082125821285949,2.106496397510169,0.96,0.9919839679358716,0.9962264150943396,,,,0.7952612611919585,1.0981964787016056,1.6483493027944898,,,,0.17,0.2527454909819639,0.2541509433962264,,,,0.71875,0.8907815631262525,0.930188679245283,,,,0.97875,0.995991983967936,1.0,,,,7.020580138850492,12.165438513898986,18.880111882925597,,,
rosedene,4,Random Forest,1.969608990093868,1.2368378314295356,1.1794027285031128,,,,,,,,,,,,,,,,,,,,,,,,,,,,,,,,,,,,
rosedene,4,XGBoost,2.1152679920196533,1.327986478805542,1.2494417428970337,,,,,,,,,,,,,,,,,,,,,,,,,,,,,,,,,,,,
redmere_1,4,WN-SS (ALD),5.663970250346637,8.514131616526921,3.0199379895662832,0.93,0.9672995780590716,0.998522895125554,0.97,0.979957805907173,0.998522895125554,1.3626945908116717,2.252602060400907,1.5617774472478223,1.4252852720536129,2.3014333755760945,1.6184891393881993,0.17,0.2555274261603375,0.3208124076809453,0.24,0.279746835443038,0.3280797636632201,0.65375,0.8080168776371308,0.8626292466765141,0.8275,0.8586497890295358,0.8877400295420975,0.95,0.9778481012658228,0.998522895125554,0.9775,0.9820675105485231,0.998522895125554,7.4639671388689885,12.632341844633707,15.180749039294708,9.425192103179173,13.910850966147652,16.193419017591008
redmere_1,4,WN-SS (Gaussian),4.77708123969521,6.967881735447489,2.958630121348282,0.91,0.959915611814346,0.9970457902511078,,,,1.1795543012580263,1.8977400897007797,1.3655837665830473,,,,0.145,0.1897046413502109,0.2217134416543574,,,,0.6775,0.7837552742616034,0.8537666174298375,,,,0.92875,0.9704641350210972,0.998522895125554,,,,5.562292644191533,9.831289322713769,13.364953027583072,,,
redmere_1,4,WN-SS (beta-NLL),4.7546111977788446,6.98077085655678,3.2170750879190537,0.925,0.9852320675105484,1.0,,,,16.16790143107517,29.212544546371547,5.923096261785487,,,,0.1637499999999999,0.2260759493670886,0.2354652880354505,,,,0.71625,0.8322784810126582,0.8626292466765141,,,,0.9425,0.9915611814345991,1.0,,,,182.6265803948832,338.9781578363348,63.82134752618245,,,
redmere_1,4,WN-SS (Student-t),5.714239600880829,8.558172067107293,2.9368101907179103,0.9,0.9556962025316456,0.9970457902511078,,,,1.2580971290900214,2.032834857002474,1.3149330132383708,,,,0.1025,0.1443881856540084,0.2006942392909896,,,,0.59875,0.7637130801687764,0.8596750369276218,,,,0.92375,0.9683544303797468,0.998522895125554,,,,5.2867325485402255,9.635603972390404,12.79617503314957,,,
redmere_1,4,WN-SS (mixture),5.873009024482277,8.74611175728356,3.010984653337741,0.92125,0.9672995780590716,0.9955686853766618,,,,1.3087395958301715,2.1318451379083987,1.4822630590232169,,,,0.1112499999999999,0.1886075949367088,0.2505760709010339,,,,0.60125,0.8111814345991561,0.8788774002954209,,,,0.94875,0.9767932489451476,0.998522895125554,,,,6.956328072178642,12.305729583108342,15.869680055962704,,,
redmere_1,4,WN-SS (+residual),5.75066734736713,8.520181151421072,2.8579176461789504,0.8925,0.9651898734177216,0.9852289512555392,,,,33.16474062907629,61.02530250394072,9.914490720371484,,,,0.1325,0.2133755274261603,0.2855834564254061,,,,0.565,0.7352320675105485,0.757754800590842,,,,0.92875,0.9767932489451476,0.9911373707533236,,,,593.871353025238,1085.5733980954308,178.09474167938686,,,
redmere_1,4,"WN-SS (given-diurnal, st-sp)",1.6161531600274115,1.8124047905335725,1.425256129355349,0.9175,0.9820675105485231,0.9940915805022156,0.93125,0.981012658227848,0.9955686853766618,3.805810160199164,6.628210984952368,2.134594536373333,3.80588175336306,6.631347300353761,2.141134683647908,0.16375,0.2771729957805907,0.3074002954209749,0.17875,0.279789029535865,0.3118316100443131,0.6275,0.8185654008438819,0.8389955686853766,0.6525,0.8217299578059072,0.8375184638109305,0.945,0.9926160337552744,1.0,0.94875,0.9936708860759492,1.0,54.98521009978815,97.185940573346,28.05449112282634,55.1372826562263,97.29134825731172,28.16170998674376
redmere_1,4,"WN-SS (given-diurnal, Wiener)",1.6161531600274115,1.8124047905335725,1.425256129355349,0.9275,0.979957805907173,0.9955686853766618,,,,7.539535487942963,13.575939496667912,3.116128721011884,,,,0.17375,0.2724050632911392,0.3417134416543574,,,,0.64,0.8280590717299579,0.8493353028064993,,,,0.94875,0.989451476793249,0.998522895125554,,,,128.2657772600473,233.95673962908836,48.71210477925958,,,
redmere_1,4,Neural SDE (Gaussian),1335.1216792117073,1814.0913750680336,781.6118650735376,0.92,0.9736286919831224,0.9911373707533236,,,,64.10854404748272,123.48438978818086,18.677890010029103,,,,0.1674999999999999,0.2434599156118143,0.2380797636632201,,,,0.71625,0.8533755274261603,0.8567208271787297,,,,0.93625,0.9820675105485231,0.9926144756277696,,,,441.7129778250125,820.1639669859783,135.87287976246827,,,
redmere_1,4,Neural SDE (Student-t),167.3515611327819,227.2120301025995,98.04027853770351,0.9,0.9757383966244726,0.9881831610044312,,,,54.698898964796165,99.61949183918246,17.475004195808726,,,,0.14625,0.2144303797468354,0.2133087149187592,,,,0.645,0.8059071729957806,0.8537666174298375,,,,0.93125,0.9862869198312236,0.9926144756277696,,,,838.3541042348594,1531.9899068969012,255.57769137173216,,,
redmere_1,4,Neural SDE (ALD),115.16716348721818,156.51170381261892,67.48035526103418,0.92,0.9672995780590716,0.9896602658788776,,,,7.288986262742624,12.82113674991194,3.087792447541565,,,,0.13,0.2159915611814346,0.2534268833087149,,,,0.61875,0.7879746835443038,0.8493353028064993,,,,0.94375,0.979957805907173,0.9955686853766618,,,,112.71407985100988,205.46148750751357,43.21948688111186,,,
redmere_1,4,mean-var (Gaussian),72.40709539303329,98.3455843961778,42.379307934437854,0.93375,0.9672995780590716,0.998522895125554,,,,6.5919565227164405,11.940107125603198,3.0102040222758224,,,,0.195,0.2345147679324895,0.2525110782865583,,,,0.70875,0.8185654008438819,0.8906942392909897,,,,0.9475,0.9757383966244726,0.998522895125554,,,,7.3206290458773715,11.988770391846288,15.366914973930736,,,
redmere_1,4,mean-var (Student-t),135.21069841425108,183.67868208705207,79.17276403475431,0.91375,0.9493670886075948,0.9807976366322008,,,,11.498832745128732,21.22919597092938,4.402371966815495,,,,0.1674999999999999,0.2081856540084388,0.2177400295420975,,,,0.64625,0.7869198312236287,0.8183161004431314,,,,0.94,0.9683544303797468,0.9896602658788776,,,,7.0479459513770415,11.474900220733582,13.649489494684966,,,
redmere_1,4,mean-var (ALD),192.4451003458172,261.4544493868236,112.64208969328509,0.9125,0.9578059071729956,0.9970457902511078,,,,15.026294333581497,27.8644483932468,5.382655595734641,,,,0.14125,0.2234599156118143,0.2508124076809453,,,,0.615,0.7795358649789029,0.8138847858197932,,,,0.93875,0.9725738396624471,0.998522895125554,,,,15.787672332638872,25.26242954657228,14.018919535365336,,,
redmere_1,4,MDN (mixture),138.74247157791126,188.51109160847165,81.20799788189174,0.9075,0.9609704641350212,0.9896602658788776,,,,10.853271717255073,19.992162383821235,4.398360060906327,,,,0.1499999999999999,0.2566666666666667,0.3006942392909896,,,,0.6075,0.8248945147679325,0.8685376661742984,,,,0.9375,0.9767932489451476,0.9940915805022156,,,,15.48738800648274,26.932951092016825,17.594942944238245,,,
redmere_1,4,Random Forest,1.4411238459957894,1.200514624272008,0.8949526055591261,,,,,,,,,,,,,,,,,,,,,,,,,,,,,,,,,,,,
redmere_1,4,XGBoost,1.5228641033172607,1.2787023782730105,0.9002425074577332,,,,,,,,,,,,,,,,,,,,,,,,,,,,,,,,,,,,
redmere_2,4,WN-SS (ALD),1.8056176775272132,1.7190180976530511,1.4926417035120705,0.92875,0.9969604863221884,0.998803827751196,0.97625,0.9979736575481256,1.0,0.9336914833762386,1.1786466254624688,1.2678578587205087,1.029357980499268,1.2644162110122508,1.3398217493873583,0.17375,0.2628672745694022,0.3398564593301435,0.215,0.2778014184397163,0.346267942583732,0.70875,0.8713272543059777,0.895933014354067,0.83,0.9148936170212766,0.916267942583732,0.955,0.9969604863221884,1.0,0.9925,0.9979736575481256,1.0,7.98407977834437,13.103825246469468,14.413804177889984,9.879363141538107,14.34385745512527,15.434336405422128
redmere_2,4,WN-SS (Gaussian),2.2019817213735364,3.751689218006412,7.094871253104564,0.96875,0.9878419452887538,0.917464114832536,,,,1.1403863447872724,1.8663497827433029,2.921662907677019,,,,0.2249999999999999,0.2978014184397163,0.3565071770334928,,,,0.7875,0.8449848024316109,0.7942583732057417,,,,0.98375,0.9989868287740628,0.9569377990430622,,,,10.072092041855678,17.194485054864135,20.516857827572448,,,
redmere_2,4,WN-SS (beta-NLL),1.8789196511722368,1.8041825457593963,1.7516318267478213,0.9325,0.994934143870314,0.9784688995215312,,,,0.9984803541164914,1.2600404942109882,1.3356558776103409,,,,0.15,0.2304457953394123,0.2661722488038277,,,,0.75,0.8915906788247214,0.9198564593301436,,,,0.95,0.9979736575481256,0.9904306220095692,,,,8.384386448668316,13.611634840715483,14.856825654062495,,,
redmere_2,4,WN-SS (Student-t),1.8357682424615984,1.7548565332526984,1.8023230849097776,0.9175,0.9898682877406282,0.9808612440191388,,,,0.9264796597667092,1.1188573894209408,1.144814093035334,,,,0.14125,0.2081560283687943,0.2239712918660287,,,,0.71625,0.8530901722391084,0.8696172248803827,,,,0.9475,0.9918946301925026,0.992822966507177,,,,7.43227750441106,11.758638973006072,11.655936476205916,,,
redmere_2,4,WN-SS (mixture),1.818863023905853,1.798225175568767,1.6853277625794294,0.9175,0.9868287740628168,0.998803827751196,,,,0.8878245888571443,1.0967444169018732,1.1675608877686443,,,,0.14125,0.2267882472137791,0.275311004784689,,,,0.66625,0.8459979736575481,0.9055023923444976,,,,0.9525,0.993920972644377,1.0,,,,6.955382272225804,11.64024838530048,13.53402731426363,,,
redmere_2,4,WN-SS (+residual),1.825317679268898,1.7873938011215045,1.8541963551040936,0.9,0.9817629179331308,0.9748803827751196,,,,0.8938579662444647,1.0494380407560435,1.1925993282625642,,,,0.1225,0.1975379939209726,0.275933014354067,,,,0.64,0.7882472137791287,0.757177033492823,,,,0.92875,0.9918946301925026,0.986842105263158,,,,6.393292866406496,10.274526861023151,10.484262389834065,,,
redmere_2,4,"WN-SS (given-diurnal, st-sp)",1.8162580126337384,1.7512823442385812,1.6597708001313023,0.93125,0.9969604863221884,0.998803827751196,0.97875,0.9979736575481256,1.0,0.915650884207098,1.122182902218612,1.1968375408315108,1.0048891581906998,1.2090530377358435,1.2671979605138763,0.155,0.2453799392097264,0.3274641148325358,0.20375,0.2678014184397163,0.3394258373205741,0.69625,0.8703140830800405,0.8899521531100478,0.81125,0.9138804457953394,0.9210526315789472,0.96,0.9979736575481256,1.0,0.9925,0.9979736575481256,1.0,7.594921237139496,12.275128779342923,13.105796898555669,9.42954807822965,13.49343028005586,14.173007622232848
redmere_2,4,"WN-SS (given-diurnal, Wiener)",1.8162580126337384,1.7512823442385812,1.6597708001313023,0.9675,0.9969604863221884,1.0,,,,0.9590345366068206,1.26720034860775,1.3491647780040212,,,,0.1837499999999999,0.2467882472137791,0.3160287081339713,,,,0.73875,0.905775075987842,0.9234449760765552,,,,0.985,0.9989868287740628,1.0,,,,9.243032500692175,14.795615346855064,15.5067925574659,,,
redmere_2,4,Neural SDE (Gaussian),2.15725341130284,3.55711917712849,5.637043908782209,0.9225,0.9432624113475178,0.9210526315789472,,,,1.1411210594221246,1.792599011346793,2.3959854115755026,,,,0.1575,0.1928267477203647,0.2176555023923445,,,,0.71,0.7659574468085106,0.7021531100478469,,,,0.94125,0.9523809523809524,0.9354066985645934,,,,8.905187497179954,14.88683091717288,16.05803122695838,,,
redmere_2,4,Neural SDE (Student-t),1.8490891397337943,1.9153771876975556,2.117581459295598,0.91375,0.9858156028368794,0.9892344497607656,,,,0.9175077556385912,1.1308216425279274,1.2003962199520286,,,,0.1475,0.2148936170212765,0.2570334928229665,,,,0.69125,0.8277608915906788,0.8456937799043063,,,,0.935,0.9908814589665652,0.9940191387559808,,,,6.863408713719807,11.135355893765569,11.315711318785278,,,
redmere_2,4,Neural SDE (ALD),1.8434326457927277,1.868219529512874,1.939525046909839,0.9475,0.9969604863221884,0.998803827751196,,,,0.9364585050126948,1.2288693884466364,1.2928602646203706,,,,0.17125,0.2553799392097264,0.3071291866028708,,,,0.695,0.8632218844984803,0.8983253588516746,,,,0.9775,0.9989868287740628,1.0,,,,8.050678483577444,12.999628764385662,13.858476810924635,,,
redmere_2,4,mean-var (Gaussian),1.830096593078008,1.7348435033792589,1.6493389231249775,0.90875,0.983789260385005,0.998803827751196,,,,0.9408394247298408,1.1422161011255376,1.1593076965021394,,,,0.14125,0.2029989868287741,0.2798564593301435,,,,0.7,0.8530901722391084,0.8325358851674641,,,,0.94125,0.9969604863221884,0.998803827751196,,,,6.994755957136513,11.42672708497025,12.140012261452393,,,
redmere_2,4,mean-var (Student-t),1.8009156291526491,1.751903205871718,1.7451830175280296,0.89875,0.9898682877406282,0.9952153110047848,,,,0.8782044677479451,1.05230155444842,1.1456931624046438,,,,0.10875,0.1746301925025329,0.1935406698564593,,,,0.6625,0.795339412360689,0.7799043062200957,,,,0.9325,0.9929078014184396,0.9976076555023924,,,,6.278439845170825,10.273928776380192,11.082591532320498,,,
redmere_2,4,mean-var (ALD),1.826612842474916,1.894463221010653,1.740189263187839,0.93375,0.9929078014184396,0.9964114832535884,,,,0.9147038167188732,1.177175667620504,1.2256216498055097,,,,0.125,0.1923404255319148,0.1932057416267942,,,,0.68625,0.8490374873353597,0.8361244019138756,,,,0.965,0.9979736575481256,0.998803827751196,,,,7.8651052227294995,12.678153577443162,13.07181583755966,,,
redmere_2,4,MDN (mixture),1.8146487861126652,1.7721671933303187,1.697791107471271,0.8975,0.983789260385005,0.998803827751196,,,,0.8775444524417136,1.004826104293068,1.061690825485148,,,,0.10125,0.1624721377912867,0.200956937799043,,,,0.64625,0.7781155015197568,0.8456937799043063,,,,0.92625,0.9959473150962512,1.0,,,,5.940747890500818,9.7024492910881,10.957597313450568,,,
redmere_2,4,Random Forest,1.674793537954902,1.494068939809828,1.2392357579022155,,,,,,,,,,,,,,,,,,,,,,,,,,,,,,,,,,,,
redmere_2,4,XGBoost,1.8483830690383911,1.589627981185913,1.3411294221878052,,,,,,,,,,,,,,,,,,,,,,,,,,,,,,,,,,,,
great_fen,4,WN-SS (ALD),1.6889156387394146,1.7902090401917563,1.7034354402849743,0.84875,0.966403162055336,0.9980487804878048,0.945,0.982213438735178,1.0,0.9820611123882536,1.2151520745750828,1.453324651070894,1.0180550485549529,1.2599706092658436,1.5007233716544086,0.1024999999999999,0.1885770750988142,0.264390243902439,0.18375,0.2266007905138339,0.2651219512195121,0.5925,0.7450592885375494,0.8829268292682927,0.74875,0.8132411067193676,0.9160975609756098,0.89,0.982213438735178,1.0,0.96625,0.9891304347826086,1.0,6.7199742249038525,11.349765702773423,15.862628372508032,8.696642079722135,12.559483202970895,16.740925228729477
great_fen,4,WN-SS (Gaussian),1.7705043467876809,2.1762123546838184,2.77340368285169,0.88625,0.958498023715415,0.9765853658536584,,,,0.99514511583158,1.3254842424355011,1.731247767724028,,,,0.09625,0.162292490118577,0.2478048780487804,,,,0.625,0.6887351778656127,0.7112195121951219,,,,0.91375,0.9752964426877472,0.9892682926829268,,,,6.784080277141648,11.156149062777873,14.985605065196753,,,
great_fen,4,WN-SS (beta-NLL),1.7057611285595693,1.846569870642555,1.861146539146986,0.90625,0.991106719367589,0.9990243902439024,,,,0.9691077812739084,1.2178244852314222,1.4725758011185563,,,,0.11875,0.1647826086956522,0.2307317073170731,,,,0.68,0.7865612648221344,0.88,,,,0.93125,0.9970355731225296,1.0,,,,7.078979890421265,11.525923742034026,16.044386969276317,,,
great_fen,4,WN-SS (Student-t),1.695158353092672,1.8408847107584472,1.97154873171682,0.84375,0.950592885375494,0.9960975609756098,,,,0.9717464988562404,1.1737710134527328,1.4523112469304995,,,,0.08125,0.138300395256917,0.1990243902439024,,,,0.5725,0.708498023715415,0.8078048780487805,,,,0.8725,0.9713438735177866,1.0,,,,6.078156912688399,10.254505821480508,14.694013208974786,,,
great_fen,4,WN-SS (mixture),1.6968377876933889,1.8230181019251284,1.8044446344318048,0.8625,0.9555335968379448,0.9941463414634146,,,,0.9166883777625812,1.101813125627283,1.3527549147437852,,,,0.0424999999999999,0.1182213438735177,0.2178048780487804,,,,0.4625,0.7065217391304348,0.8604878048780488,,,,0.9125,0.9812252964426876,0.9970731707317072,,,,5.682517346423584,10.401262225810688,15.352810679722849,,,
great_fen,4,WN-SS (+residual),1.748047353972297,2.016931591125022,2.1578682887965424,0.8325,0.9397233201581028,0.968780487804878,,,,0.9378248374853352,1.1179201040632782,1.283624894356912,,,,0.0675,0.1340711462450592,0.2017073170731707,,,,0.465,0.6175889328063241,0.7414634146341463,,,,0.87375,0.9624505928853756,0.9892682926829268,,,,5.006815527605824,8.084937495770662,10.975845410865071,,,
great_fen,4,"WN-SS (given-diurnal, st-sp)",1.7031950803664475,1.7924259179355773,1.7050360898521302,0.8275,0.949604743083004,0.9892682926829268,0.935,0.9772727272727272,0.9951219512195122,0.9408409655624056,1.1296477680954362,1.3333519436602077,0.9665861535478006,1.1687033950636263,1.3743535145319588,0.09625,0.1945849802371541,0.2724390243902439,0.185,0.2281818181818181,0.2729268292682927,0.52625,0.6669960474308301,0.7941463414634147,0.7175,0.7618577075098815,0.8478048780487805,0.87125,0.9654150197628458,0.9960975609756098,0.95625,0.984189723320158,0.9990243902439024,5.443256748603656,9.27897204361532,13.329216219209316,7.513651059695519,10.582501447103592,14.285147075864597
great_fen,4,"WN-SS (given-diurnal, Wiener)",1.7031950803664475,1.7924259179355773,1.7050360898521302,0.8325,0.9308300395256917,0.9921951219512196,,,,0.9682394554250456,1.157187069034414,1.4214861955202704,,,,0.08875,0.1813833992094861,0.274390243902439,,,,0.51,0.6571146245059288,0.8214634146341463,,,,0.8675,0.9575098814229248,0.9951219512195122,,,,5.503987424753606,9.373461553355376,14.532807751722816,,,
great_fen,4,Neural SDE (Gaussian),1.701337659956487,1.8663810050878595,1.9746801956400672,0.8925,0.9782608695652174,0.9980487804878048,,,,0.9848509461202696,1.262010957082094,1.5610818716469732,,,,0.1062499999999999,0.1584584980237154,0.2007317073170731,,,,0.65125,0.7835968379446641,0.8663414634146341,,,,0.92375,0.9901185770750988,1.0,,,,7.137022463865112,11.893133807326612,16.812772196630878,,,
great_fen,4,Neural SDE (Student-t),1.70091387929433,1.916778023741761,2.261644133885397,0.84125,0.9545454545454546,0.9960975609756098,,,,0.945179447596154,1.1495271017194746,1.4138466780912629,,,,0.0725,0.1610276679841897,0.1978048780487805,,,,0.5575,0.7045454545454546,0.833170731707317,,,,0.87375,0.9703557312252964,1.0,,,,5.675369220973867,9.753469628320175,13.911103190859276,,,
great_fen,4,Neural SDE (ALD),1.6956486187517268,1.8372808931172984,1.7304508622548571,0.85625,0.9575098814229248,0.9970731707317072,,,,0.975578152525562,1.21825253983647,1.4518910263382925,,,,0.08125,0.1707905138339921,0.255609756097561,,,,0.57375,0.7094861660079052,0.8575609756097561,,,,0.8975,0.9752964426877472,1.0,,,,6.461426155594177,10.945911593772395,15.68340295479574,,,
great_fen,4,mean-var (Gaussian),1.7006792881766228,1.863365795402777,1.7902884755201534,0.8475,0.9436758893280632,0.9951219512195122,,,,0.922707391202931,1.0996044814762045,1.2391475697101355,,,,0.0625,0.1081818181818182,0.1973170731707316,,,,0.5625,0.6877470355731226,0.8312195121951219,,,,0.88,0.9644268774703556,0.9990243902439024,,,,5.386577334994915,8.884943079832839,12.490872155607471,,,
great_fen,4,mean-var (Student-t),1.701370555374269,1.863463233842248,1.7584237090361166,0.79625,0.9318181818181818,0.9892682926829268,,,,0.9410941195156464,1.0972668021268166,1.2329562918409371,,,,0.0612499999999999,0.0966798418972332,0.1843902439024389,,,,0.5075,0.6531620553359684,0.8185365853658536,,,,0.8375,0.9525691699604744,0.9970731707317072,,,,4.810265828704461,8.404895763552707,12.311994629463952,,,
great_fen,4,mean-var (ALD),1.6993961195850673,1.872128580934684,1.7527643043214634,0.82875,0.9367588932806324,0.9970731707317072,,,,0.9498445277902344,1.1383848942979238,1.3109878171820362,,,,0.06375,0.1493675889328063,0.2473170731707317,,,,0.505,0.6600790513833992,0.8458536585365853,,,,0.875,0.9604743083003952,0.9990243902439024,,,,5.267106612971402,8.927889488329706,13.267305840663065,,,
great_fen,4,MDN (mixture),1.683553665997482,1.767381872577678,1.729266795774171,0.8025,0.9239130434782608,0.9892682926829268,,,,0.9310414626059736,1.0319146440961884,1.148990922322651,,,,0.0875,0.0823320158102766,0.1714634146341463,,,,0.40125,0.5958498023715415,0.8156097560975609,,,,0.86375,0.9565217391304348,0.9970731707317072,,,,4.667365573665126,7.891040307106339,11.598612075409056,,,
great_fen,4,Random Forest,1.9070246649447344,1.4403933439290175,1.033700759563895,,,,,,,,,,,,,,,,,,,,,,,,,,,,,,,,,,,,
great_fen,4,XGBoost,1.9674293994903564,1.4525339603424072,1.0598539113998413,,,,,,,,,,,,,,,,,,,,,,,,,,,,,,,,,,,,
